attack_per_step,0.000,0.020,0.040,0.060,0.080,0.100,0.120,0.140,0.160,0.180,0.200,0.220,0.240,0.260,0.280,0.300,0.320,0.340,0.360,0.380,0.400,0.420,0.440,0.460,0.480,0.500,0.520,0.540,0.560,0.580,0.600,0.620,0.640,0.660,0.680,0.700,0.720,0.740,0.760,0.780,0.800,0.820,0.840,0.860,0.880,0.900,0.920,0.940,0.960,0.980,1.000
1,0.33157894736842103,0.42736842105263156,0.47578947368421054,0.49894736842105264,0.52,0.5421052631578948,0.54,0.5442105263157895,0.5494736842105263,0.5589473684210526,0.5515789473684211,0.56,0.56,0.5621052631578948,0.5684210526315789,0.5568421052631579,0.5652631578947368,0.5736842105263158,0.5726315789473684,0.5715789473684211,0.5726315789473684,0.5694736842105264,0.5852631578947368,0.58,0.5705263157894737,0.5894736842105263,0.5757894736842105,0.5831578947368421,0.5831578947368421,0.5842105263157895,0.5810526315789474,0.58,0.5789473684210527,0.5821052631578948,0.5778947368421052,0.588421052631579,0.5831578947368421,0.5905263157894737,0.5831578947368421,0.5863157894736842,0.5947368421052631,0.5936842105263158,0.5852631578947368,0.5915789473684211,0.5863157894736842,0.5894736842105263,0.5968421052631578,0.5926315789473684,0.5894736842105263,0.588421052631579,0.5873684210526315
2,0.33263157894736844,0.3936842105263158,0.4357894736842105,0.4631578947368421,0.47789473684210526,0.5052631578947369,0.5136842105263157,0.5157894736842106,0.52,0.5242105263157895,0.5242105263157895,0.5347368421052632,0.5452631578947369,0.5410526315789473,0.5452631578947369,0.5431578947368421,0.5557894736842105,0.5473684210526316,0.5557894736842105,0.5536842105263158,0.5536842105263158,0.5536842105263158,0.5578947368421052,0.5578947368421052,0.56,0.5726315789473684,0.56,0.5642105263157895,0.5621052631578948,0.5684210526315789,0.5705263157894737,0.5705263157894737,0.5747368421052632,0.5726315789473684,0.5726315789473684,0.5810526315789474,0.5663157894736842,0.5747368421052632,0.5789473684210527,0.5789473684210527,0.5768421052631579,0.5726315789473684,0.5831578947368421,0.5705263157894737,0.5894736842105263,0.5894736842105263,0.5768421052631579,0.5810526315789474,0.5789473684210527,0.5831578947368421,0.5831578947368421
3,0.33157894736842103,0.3726315789473684,0.4,0.4305263157894737,0.4336842105263158,0.44526315789473686,0.4705263157894737,0.48210526315789476,0.4926315789473684,0.48526315789473684,0.49473684210526314,0.5094736842105263,0.5063157894736842,0.5105263157894737,0.5136842105263157,0.5263157894736842,0.5305263157894737,0.5242105263157895,0.5178947368421053,0.5326315789473685,0.5431578947368421,0.5442105263157895,0.5452631578947369,0.5452631578947369,0.5526315789473685,0.5378947368421053,0.531578947368421,0.5621052631578948,0.5515789473684211,0.5378947368421053,0.5557894736842105,0.5410526315789473,0.5578947368421052,0.5494736842105263,0.5484210526315789,0.5526315789473685,0.5568421052631579,0.5336842105263158,0.5631578947368421,0.5421052631578948,0.5663157894736842,0.5515789473684211,0.5557894736842105,0.5642105263157895,0.5421052631578948,0.5621052631578948,0.5526315789473685,0.5642105263157895,0.5747368421052632,0.5631578947368421,0.5621052631578948
4,0.33263157894736844,0.3663157894736842,0.37684210526315787,0.40210526315789474,0.4073684210526316,0.4105263157894737,0.4421052631578947,0.4568421052631579,0.4652631578947368,0.4652631578947368,0.48526315789473684,0.4663157894736842,0.48210526315789476,0.48,0.5052631578947369,0.4968421052631579,0.49473684210526314,0.511578947368421,0.5073684210526316,0.5178947368421053,0.5168421052631579,0.49473684210526314,0.5263157894736842,0.5094736842105263,0.5231578947368422,0.5431578947368421,0.5284210526315789,0.5515789473684211,0.5368421052631579,0.5305263157894737,0.5347368421052632,0.5473684210526316,0.5305263157894737,0.5431578947368421,0.5252631578947369,0.5515789473684211,0.5557894736842105,0.5326315789473685,0.5473684210526316,0.5326315789473685,0.5515789473684211,0.5473684210526316,0.5442105263157895,0.5284210526315789,0.5347368421052632,0.56,0.5536842105263158,0.5578947368421052,0.5389473684210526,0.5515789473684211,0.5578947368421052
5,0.33157894736842103,0.3526315789473684,0.38,0.3778947368421053,0.3863157894736842,0.4263157894736842,0.4168421052631579,0.46,0.44526315789473686,0.46210526315789474,0.4431578947368421,0.4631578947368421,0.47789473684210526,0.4905263157894737,0.4557894736842105,0.5,0.5105263157894737,0.4936842105263158,0.48736842105263156,0.5073684210526316,0.508421052631579,0.52,0.5189473684210526,0.5242105263157895,0.4789473684210526,0.5189473684210526,0.5063157894736842,0.5368421052631579,0.5231578947368422,0.508421052631579,0.531578947368421,0.5178947368421053,0.5021052631578947,0.5326315789473685,0.5336842105263158,0.5431578947368421,0.5526315789473685,0.5473684210526316,0.511578947368421,0.5547368421052632,0.5526315789473685,0.5273684210526316,0.5252631578947369,0.5410526315789473,0.5368421052631579,0.508421052631579,0.5557894736842105,0.5547368421052632,0.5347368421052632,0.5284210526315789,0.5294736842105263
6,0.33263157894736844,0.35368421052631577,0.37157894736842106,0.37473684210526315,0.38526315789473686,0.40210526315789474,0.4189473684210526,0.40842105263157896,0.42526315789473684,0.4263157894736842,0.40421052631578946,0.44,0.45052631578947366,0.4747368421052632,0.4568421052631579,0.46421052631578946,0.5031578947368421,0.4589473684210526,0.4789473684210526,0.5073684210526316,0.4968421052631579,0.46210526315789474,0.5010526315789474,0.4789473684210526,0.5136842105263157,0.5210526315789473,0.508421052631579,0.4968421052631579,0.5178947368421053,0.5147368421052632,0.5231578947368422,0.4978947368421053,0.5347368421052632,0.5210526315789473,0.4936842105263158,0.49894736842105264,0.5442105263157895,0.4968421052631579,0.5189473684210526,0.5,0.5136842105263157,0.5242105263157895,0.5263157894736842,0.5473684210526316,0.5357894736842105,0.5378947368421053,0.5252631578947369,0.5326315789473685,0.5410526315789473,0.5368421052631579,0.5431578947368421
7,0.33157894736842103,0.35157894736842105,0.35578947368421054,0.3589473684210526,0.38105263157894737,0.3726315789473684,0.3936842105263158,0.4126315789473684,0.4063157894736842,0.4463157894736842,0.41157894736842104,0.4494736842105263,0.44526315789473686,0.44842105263157894,0.4747368421052632,0.47578947368421054,0.4463157894736842,0.47157894736842104,0.47578947368421054,0.4831578947368421,0.4705263157894737,0.4473684210526316,0.48947368421052634,0.5157894736842106,0.48947368421052634,0.5178947368421053,0.47368421052631576,0.4652631578947368,0.5157894736842106,0.5073684210526316,0.5,0.511578947368421,0.47789473684210526,0.54,0.5063157894736842,0.5105263157894737,0.4905263157894737,0.5242105263157895,0.511578947368421,0.4863157894736842,0.5242105263157895,0.5242105263157895,0.52,0.5221052631578947,0.5168421052631579,0.5042105263157894,0.5252631578947369,0.5042105263157894,0.5294736842105263,0.5336842105263158,0.54
8,0.33263157894736844,0.35368421052631577,0.3642105263157895,0.36210526315789476,0.3663157894736842,0.38105263157894737,0.3957894736842105,0.38842105263157894,0.39789473684210525,0.4231578947368421,0.40421052631578946,0.3957894736842105,0.4305263157894737,0.4284210526315789,0.4,0.4673684210526316,0.4442105263157895,0.44105263157894736,0.4431578947368421,0.4884210526315789,0.4768421052631579,0.48105263157894734,0.47578947368421054,0.48736842105263156,0.48210526315789476,0.48105263157894734,0.48105263157894734,0.5157894736842106,0.5136842105263157,0.5168421052631579,0.5473684210526316,0.4905263157894737,0.4842105263157895,0.5094736842105263,0.5073684210526316,0.5252631578947369,0.5178947368421053,0.49473684210526314,0.52,0.5105263157894737,0.5273684210526316,0.4978947368421053,0.5031578947368421,0.508421052631579,0.4968421052631579,0.5126315789473684,0.5294736842105263,0.52,0.5073684210526316,0.49894736842105264,0.5252631578947369
9,0.33157894736842103,0.3452631578947368,0.36526315789473685,0.3494736842105263,0.3663157894736842,0.36947368421052634,0.38526315789473686,0.3642105263157895,0.41789473684210526,0.3989473684210526,0.4063157894736842,0.4168421052631579,0.40842105263157896,0.4473684210526316,0.4336842105263158,0.4336842105263158,0.4442105263157895,0.4357894736842105,0.44105263157894736,0.4378947368421053,0.44,0.4431578947368421,0.5021052631578947,0.4652631578947368,0.4768421052631579,0.48947368421052634,0.47368421052631576,0.4694736842105263,0.48947368421052634,0.511578947368421,0.511578947368421,0.48736842105263156,0.4936842105263158,0.4694736842105263,0.45473684210526316,0.49894736842105264,0.49157894736842106,0.49473684210526314,0.4968421052631579,0.4747368421052632,0.5052631578947369,0.5178947368421053,0.5242105263157895,0.5305263157894737,0.5021052631578947,0.5021052631578947,0.4768421052631579,0.5242105263157895,0.5357894736842105,0.4884210526315789,0.5031578947368421
10,0.33263157894736844,0.3452631578947368,0.3463157894736842,0.3463157894736842,0.35157894736842105,0.3684210526315789,0.38526315789473686,0.38105263157894737,0.3957894736842105,0.37157894736842106,0.4063157894736842,0.3936842105263158,0.4094736842105263,0.42526315789473684,0.4473684210526316,0.43473684210526314,0.44105263157894736,0.43894736842105264,0.4031578947368421,0.4494736842105263,0.4536842105263158,0.4694736842105263,0.4884210526315789,0.48105263157894734,0.4431578947368421,0.42526315789473684,0.47157894736842104,0.47157894736842104,0.4957894736842105,0.4515789473684211,0.5052631578947369,0.45789473684210524,0.4673684210526316,0.4936842105263158,0.45473684210526316,0.4831578947368421,0.49157894736842106,0.47578947368421054,0.5052631578947369,0.5031578947368421,0.4842105263157895,0.5168421052631579,0.508421052631579,0.5052631578947369,0.5189473684210526,0.5263157894736842,0.5042105263157894,0.52,0.5031578947368421,0.5010526315789474,0.5221052631578947
11,0.33263157894736844,0.3452631578947368,0.3494736842105263,0.35368421052631577,0.34421052631578947,0.36526315789473685,0.3757894736842105,0.38842105263157894,0.4126315789473684,0.4284210526315789,0.37684210526315787,0.39052631578947367,0.43473684210526314,0.4421052631578947,0.42736842105263156,0.40842105263157896,0.38421052631578945,0.42947368421052634,0.42,0.42,0.46421052631578946,0.4726315789473684,0.47578947368421054,0.4789473684210526,0.43473684210526314,0.4768421052631579,0.46842105263157896,0.48105263157894734,0.48947368421052634,0.47578947368421054,0.4978947368421053,0.5094736842105263,0.48947368421052634,0.4905263157894737,0.5,0.48526315789473684,0.49157894736842106,0.48210526315789476,0.5094736842105263,0.49894736842105264,0.5052631578947369,0.48526315789473684,0.5010526315789474,0.4515789473684211,0.5063157894736842,0.4747368421052632,0.4926315789473684,0.4705263157894737,0.48736842105263156,0.5,0.5326315789473685
12,0.33263157894736844,0.3431578947368421,0.36526315789473685,0.3568421052631579,0.35578947368421054,0.35157894736842105,0.3684210526315789,0.3894736842105263,0.3957894736842105,0.4063157894736842,0.38526315789473686,0.4010526315789474,0.4105263157894737,0.40842105263157896,0.40210526315789474,0.4284210526315789,0.4,0.4242105263157895,0.4242105263157895,0.42210526315789476,0.42947368421052634,0.4768421052631579,0.4357894736842105,0.4168421052631579,0.47368421052631576,0.44526315789473686,0.4431578947368421,0.4726315789473684,0.4557894736842105,0.4863157894736842,0.4926315789473684,0.48105263157894734,0.4473684210526316,0.4957894736842105,0.4726315789473684,0.4842105263157895,0.4863157894736842,0.4442105263157895,0.49157894736842106,0.4957894736842105,0.44842105263157894,0.4610526315789474,0.4747368421052632,0.4831578947368421,0.4652631578947368,0.4936842105263158,0.45473684210526316,0.4610526315789474,0.47789473684210526,0.52,0.49473684210526314
13,0.33263157894736844,0.34421052631578947,0.35157894736842105,0.35789473684210527,0.34210526315789475,0.3463157894736842,0.36526315789473685,0.36105263157894735,0.38842105263157894,0.4147368421052632,0.3757894736842105,0.3821052631578947,0.4231578947368421,0.44526315789473686,0.4105263157894737,0.4063157894736842,0.4031578947368421,0.4052631578947368,0.37684210526315787,0.42526315789473684,0.44,0.4073684210526316,0.43473684210526314,0.4515789473684211,0.4557894736842105,0.45789473684210524,0.4421052631578947,0.47789473684210526,0.44526315789473686,0.44526315789473686,0.47789473684210526,0.4515789473684211,0.48,0.4536842105263158,0.4978947368421053,0.4831578947368421,0.4905263157894737,0.47368421052631576,0.4968421052631579,0.4842105263157895,0.52,0.4768421052631579,0.5189473684210526,0.4936842105263158,0.46421052631578946,0.47578947368421054,0.47368421052631576,0.5010526315789474,0.4557894736842105,0.4705263157894737,0.4978947368421053
14,0.33263157894736844,0.3431578947368421,0.3505263157894737,0.3568421052631579,0.3452631578947368,0.3368421052631579,0.38526315789473686,0.37473684210526315,0.3873684210526316,0.3873684210526316,0.37894736842105264,0.36947368421052634,0.4147368421052632,0.4147368421052632,0.4189473684210526,0.3873684210526316,0.42105263157894735,0.4073684210526316,0.38105263157894737,0.4357894736842105,0.4336842105263158,0.43157894736842106,0.42947368421052634,0.44526315789473686,0.46,0.4536842105263158,0.42105263157894735,0.46,0.4610526315789474,0.48,0.45789473684210524,0.45052631578947366,0.47578947368421054,0.4884210526315789,0.4863157894736842,0.4610526315789474,0.4536842105263158,0.4726315789473684,0.4968421052631579,0.4652631578947368,0.4610526315789474,0.44842105263157894,0.48526315789473684,0.4536842105263158,0.48210526315789476,0.5126315789473684,0.4884210526315789,0.5157894736842106,0.5,0.46421052631578946,0.4968421052631579
15,0.33157894736842103,0.3368421052631579,0.3494736842105263,0.35157894736842105,0.3505263157894737,0.3494736842105263,0.38105263157894737,0.3684210526315789,0.3894736842105263,0.36947368421052634,0.37894736842105264,0.3821052631578947,0.38421052631578945,0.3957894736842105,0.37894736842105264,0.4126315789473684,0.4,0.4263157894736842,0.4010526315789474,0.4421052631578947,0.46421052631578946,0.42210526315789476,0.4305263157894737,0.41578947368421054,0.45052631578947366,0.4326315789473684,0.4463157894736842,0.43157894736842106,0.4378947368421053,0.42210526315789476,0.42,0.4326315789473684,0.43473684210526314,0.46,0.5052631578947369,0.4842105263157895,0.4231578947368421,0.4610526315789474,0.4831578947368421,0.46842105263157896,0.45263157894736844,0.4705263157894737,0.43894736842105264,0.45052631578947366,0.47368421052631576,0.49473684210526314,0.4842105263157895,0.48105263157894734,0.47578947368421054,0.4726315789473684,0.4905263157894737
16,0.33263157894736844,0.3357894736842105,0.3526315789473684,0.3368421052631579,0.34421052631578947,0.3526315789473684,0.37894736842105264,0.38421052631578945,0.38526315789473686,0.3894736842105263,0.37473684210526315,0.39052631578947367,0.4063157894736842,0.3936842105263158,0.4010526315789474,0.42210526315789476,0.3821052631578947,0.42,0.4263157894736842,0.4378947368421053,0.4431578947368421,0.40842105263157896,0.45052631578947366,0.4378947368421053,0.42736842105263156,0.46,0.4442105263157895,0.47157894736842104,0.47578947368421054,0.4463157894736842,0.4421052631578947,0.4147368421052632,0.43894736842105264,0.4652631578947368,0.4610526315789474,0.4610526315789474,0.4747368421052632,0.46,0.4631578947368421,0.43157894736842106,0.4557894736842105,0.43157894736842106,0.46,0.4747368421052632,0.44842105263157894,0.4284210526315789,0.48,0.48947368421052634,0.49157894736842106,0.48947368421052634,0.4863157894736842
17,0.33263157894736844,0.3368421052631579,0.3505263157894737,0.34421052631578947,0.3494736842105263,0.3463157894736842,0.38842105263157894,0.3778947368421053,0.3936842105263158,0.3831578947368421,0.35578947368421054,0.3957894736842105,0.3873684210526316,0.3968421052631579,0.3684210526315789,0.3831578947368421,0.3736842105263158,0.4063157894736842,0.4305263157894737,0.4305263157894737,0.41368421052631577,0.42,0.4431578947368421,0.45263157894736844,0.4421052631578947,0.4652631578947368,0.4094736842105263,0.4105263157894737,0.4473684210526316,0.44526315789473686,0.4831578947368421,0.44526315789473686,0.4147368421052632,0.4831578947368421,0.42210526315789476,0.46842105263157896,0.4368421052631579,0.4431578947368421,0.4610526315789474,0.45789473684210524,0.4357894736842105,0.4673684210526316,0.4536842105263158,0.4378947368421053,0.4978947368421053,0.4905263157894737,0.4747368421052632,0.5063157894736842,0.46210526315789474,0.4652631578947368,0.4726315789473684
18,0.33263157894736844,0.3368421052631579,0.3473684210526316,0.34421052631578947,0.3231578947368421,0.3452631578947368,0.35578947368421054,0.37473684210526315,0.37157894736842106,0.38421052631578945,0.37684210526315787,0.4094736842105263,0.3778947368421053,0.3821052631578947,0.38526315789473686,0.4073684210526316,0.4073684210526316,0.45473684210526316,0.4,0.42210526315789476,0.42947368421052634,0.41789473684210526,0.4431578947368421,0.41789473684210526,0.3873684210526316,0.42526315789473684,0.4663157894736842,0.4263157894736842,0.46,0.47157894736842104,0.47368421052631576,0.4357894736842105,0.44,0.4663157894736842,0.4231578947368421,0.4536842105263158,0.44842105263157894,0.4357894736842105,0.4589473684210526,0.42736842105263156,0.40842105263157896,0.45789473684210524,0.44842105263157894,0.4263157894736842,0.45789473684210524,0.4568421052631579,0.4431578947368421,0.4694736842105263,0.46842105263157896,0.4652631578947368,0.48736842105263156
19,0.33263157894736844,0.33789473684210525,0.3473684210526316,0.3357894736842105,0.34421052631578947,0.3410526315789474,0.35789473684210527,0.3642105263157895,0.3642105263157895,0.3736842105263158,0.3821052631578947,0.3821052631578947,0.4,0.3863157894736842,0.36210526315789476,0.3957894736842105,0.4073684210526316,0.4063157894736842,0.40210526315789474,0.3957894736842105,0.4,0.4073684210526316,0.42105263157894735,0.4231578947368421,0.39473684210526316,0.4242105263157895,0.4063157894736842,0.4326315789473684,0.45052631578947366,0.46,0.4589473684210526,0.39789473684210525,0.40842105263157896,0.4515789473684211,0.4557894736842105,0.4442105263157895,0.4652631578947368,0.44105263157894736,0.44105263157894736,0.4631578947368421,0.46,0.42526315789473684,0.4673684210526316,0.44105263157894736,0.4263157894736842,0.48,0.4463157894736842,0.4673684210526316,0.4694736842105263,0.4926315789473684,0.5042105263157894
20,0.33263157894736844,0.3357894736842105,0.3526315789473684,0.3389473684210526,0.33473684210526317,0.3463157894736842,0.37894736842105264,0.3663157894736842,0.37157894736842106,0.37473684210526315,0.3631578947368421,0.37473684210526315,0.39473684210526316,0.39052631578947367,0.37684210526315787,0.39789473684210525,0.3873684210526316,0.4126315789473684,0.39263157894736844,0.4147368421052632,0.41578947368421054,0.4063157894736842,0.4052631578947368,0.41789473684210526,0.41789473684210526,0.42736842105263156,0.42,0.45052631578947366,0.4010526315789474,0.43473684210526314,0.4463157894736842,0.38105263157894737,0.4284210526315789,0.4378947368421053,0.43473684210526314,0.42736842105263156,0.45263157894736844,0.46210526315789474,0.40842105263157896,0.44526315789473686,0.43894736842105264,0.4357894736842105,0.44842105263157894,0.47368421052631576,0.4631578947368421,0.4652631578947368,0.4536842105263158,0.4726315789473684,0.46421052631578946,0.46210526315789474,0.47578947368421054
21,0.33157894736842103,0.3336842105263158,0.3547368421052632,0.3357894736842105,0.3357894736842105,0.32526315789473687,0.37894736842105264,0.35578947368421054,0.3821052631578947,0.3589473684210526,0.36736842105263157,0.3589473684210526,0.4010526315789474,0.39473684210526316,0.3831578947368421,0.39789473684210525,0.3663157894736842,0.37684210526315787,0.4010526315789474,0.3957894736842105,0.4010526315789474,0.40210526315789474,0.4105263157894737,0.42526315789473684,0.4284210526315789,0.3936842105263158,0.41368421052631577,0.4126315789473684,0.4189473684210526,0.4431578947368421,0.42947368421052634,0.44,0.41578947368421054,0.4442105263157895,0.46210526315789474,0.43473684210526314,0.4652631578947368,0.4463157894736842,0.4263157894736842,0.42736842105263156,0.41578947368421054,0.4431578947368421,0.4473684210526316,0.39052631578947367,0.45473684210526316,0.4463157894736842,0.4631578947368421,0.48210526315789476,0.46421052631578946,0.4610526315789474,0.4536842105263158
22,0.33263157894736844,0.3336842105263158,0.3357894736842105,0.34421052631578947,0.34,0.3273684210526316,0.38,0.3410526315789474,0.37894736842105264,0.3663157894736842,0.37473684210526315,0.3726315789473684,0.3863157894736842,0.37894736842105264,0.38526315789473686,0.3705263157894737,0.38842105263157894,0.3863157894736842,0.4305263157894737,0.39789473684210525,0.42947368421052634,0.39789473684210525,0.42210526315789476,0.4168421052631579,0.3873684210526316,0.40210526315789474,0.391578947368421,0.42,0.4242105263157895,0.4126315789473684,0.44105263157894736,0.391578947368421,0.41578947368421054,0.4515789473684211,0.42947368421052634,0.4557894736842105,0.4242105263157895,0.4242105263157895,0.4284210526315789,0.4442105263157895,0.4263157894736842,0.42526315789473684,0.4442105263157895,0.4231578947368421,0.44842105263157894,0.4421052631578947,0.4231578947368421,0.45263157894736844,0.48105263157894734,0.4378947368421053,0.46210526315789474
23,0.33263157894736844,0.3357894736842105,0.3336842105263158,0.3410526315789474,0.34,0.32526315789473687,0.35157894736842105,0.36105263157894735,0.38421052631578945,0.3736842105263158,0.37684210526315787,0.3736842105263158,0.37684210526315787,0.3736842105263158,0.38526315789473686,0.3894736842105263,0.3821052631578947,0.37894736842105264,0.4073684210526316,0.3821052631578947,0.45052631578947366,0.4,0.40421052631578946,0.4126315789473684,0.4105263157894737,0.4094736842105263,0.38842105263157894,0.4073684210526316,0.4357894736842105,0.4326315789473684,0.4557894736842105,0.41578947368421054,0.3894736842105263,0.44842105263157894,0.42947368421052634,0.4494736842105263,0.3936842105263158,0.44105263157894736,0.4421052631578947,0.41368421052631577,0.4336842105263158,0.4568421052631579,0.41368421052631577,0.42736842105263156,0.4284210526315789,0.4515789473684211,0.4431578947368421,0.4326315789473684,0.4357894736842105,0.4663157894736842,0.4694736842105263
24,0.33263157894736844,0.3336842105263158,0.33473684210526317,0.3389473684210526,0.3389473684210526,0.3178947368421053,0.35157894736842105,0.3505263157894737,0.37157894736842106,0.3726315789473684,0.36,0.3452631578947368,0.3589473684210526,0.3705263157894737,0.40421052631578946,0.37473684210526315,0.3705263157894737,0.39052631578947367,0.40421052631578946,0.3473684210526316,0.42947368421052634,0.39052631578947367,0.4442105263157895,0.41368421052631577,0.3684210526315789,0.4031578947368421,0.41368421052631577,0.4336842105263158,0.43157894736842106,0.42947368421052634,0.43157894736842106,0.4094736842105263,0.41789473684210526,0.42526315789473684,0.4263157894736842,0.4,0.4378947368421053,0.4284210526315789,0.42947368421052634,0.38421052631578945,0.4442105263157895,0.4305263157894737,0.3757894736842105,0.48,0.45052631578947366,0.42210526315789476,0.38421052631578945,0.4305263157894737,0.4905263157894737,0.4536842105263158,0.4789473684210526
25,0.33263157894736844,0.3357894736842105,0.33473684210526317,0.3389473684210526,0.33789473684210525,0.32210526315789473,0.36210526315789476,0.3494736842105263,0.3631578947368421,0.3821052631578947,0.3705263157894737,0.34421052631578947,0.38526315789473686,0.36736842105263157,0.38526315789473686,0.37473684210526315,0.38526315789473686,0.3705263157894737,0.4063157894736842,0.37894736842105264,0.42105263157894735,0.3968421052631579,0.4031578947368421,0.38842105263157894,0.39473684210526316,0.3989473684210526,0.4073684210526316,0.4473684210526316,0.4073684210526316,0.4368421052631579,0.44105263157894736,0.4168421052631579,0.4231578947368421,0.44,0.4094736842105263,0.38526315789473686,0.45052631578947366,0.42210526315789476,0.44105263157894736,0.33052631578947367,0.4168421052631579,0.4494736842105263,0.3831578947368421,0.39473684210526316,0.4242105263157895,0.43894736842105264,0.4378947368421053,0.4168421052631579,0.4326315789473684,0.4663157894736842,0.46842105263157896
26,0.33263157894736844,0.3336842105263158,0.33263157894736844,0.34,0.3389473684210526,0.32105263157894737,0.3589473684210526,0.3452631578947368,0.3663157894736842,0.37473684210526315,0.3631578947368421,0.3463157894736842,0.3726315789473684,0.3936842105263158,0.38526315789473686,0.3936842105263158,0.36210526315789476,0.3863157894736842,0.3957894736842105,0.3863157894736842,0.37684210526315787,0.37894736842105264,0.40421052631578946,0.39473684210526316,0.38526315789473686,0.40842105263157896,0.37473684210526315,0.42736842105263156,0.39789473684210525,0.40210526315789474,0.4126315789473684,0.41789473684210526,0.4231578947368421,0.45473684210526316,0.4,0.3957894736842105,0.4378947368421053,0.43157894736842106,0.4147368421052632,0.391578947368421,0.391578947368421,0.42105263157894735,0.4105263157894737,0.37157894736842106,0.4357894736842105,0.4378947368421053,0.4189473684210526,0.44105263157894736,0.4421052631578947,0.47368421052631576,0.4589473684210526
27,0.33263157894736844,0.3357894736842105,0.3336842105263158,0.3410526315789474,0.3389473684210526,0.3294736842105263,0.35578947368421054,0.3526315789473684,0.3684210526315789,0.36736842105263157,0.3642105263157895,0.36,0.36947368421052634,0.3894736842105263,0.37157894736842106,0.39473684210526316,0.3705263157894737,0.38421052631578945,0.38105263157894737,0.3705263157894737,0.3757894736842105,0.3873684210526316,0.3894736842105263,0.4168421052631579,0.38842105263157894,0.42105263157894735,0.44,0.4105263157894737,0.4368421052631579,0.41578947368421054,0.4284210526315789,0.4189473684210526,0.3936842105263158,0.44,0.3894736842105263,0.4052631578947368,0.42210526315789476,0.43894736842105264,0.42526315789473684,0.3863157894736842,0.40210526315789474,0.3778947368421053,0.40421052631578946,0.41789473684210526,0.4368421052631579,0.4052631578947368,0.4378947368421053,0.46210526315789474,0.4242105263157895,0.48,0.4831578947368421
28,0.33263157894736844,0.3336842105263158,0.34,0.3336842105263158,0.3389473684210526,0.3357894736842105,0.35368421052631577,0.35578947368421054,0.3589473684210526,0.3589473684210526,0.38526315789473686,0.3547368421052632,0.37157894736842106,0.38105263157894737,0.38526315789473686,0.3831578947368421,0.35789473684210527,0.39789473684210525,0.391578947368421,0.3642105263157895,0.3989473684210526,0.3831578947368421,0.3968421052631579,0.41368421052631577,0.4126315789473684,0.4168421052631579,0.4326315789473684,0.42526315789473684,0.4305263157894737,0.4094736842105263,0.4126315789473684,0.4010526315789474,0.4094736842105263,0.4063157894736842,0.38421052631578945,0.4326315789473684,0.4189473684210526,0.4189473684210526,0.40210526315789474,0.3831578947368421,0.4010526315789474,0.40842105263157896,0.3894736842105263,0.4589473684210526,0.4231578947368421,0.4031578947368421,0.4168421052631579,0.3894736842105263,0.39789473684210525,0.4231578947368421,0.46842105263157896
29,0.33263157894736844,0.3357894736842105,0.34,0.3336842105263158,0.33789473684210525,0.3357894736842105,0.35368421052631577,0.3494736842105263,0.36,0.36210526315789476,0.36526315789473685,0.35368421052631577,0.36736842105263157,0.37157894736842106,0.3778947368421053,0.3726315789473684,0.3821052631578947,0.38105263157894737,0.3989473684210526,0.3831578947368421,0.3989473684210526,0.4147368421052632,0.4010526315789474,0.39052631578947367,0.39052631578947367,0.4052631578947368,0.4105263157894737,0.4189473684210526,0.4189473684210526,0.42105263157894735,0.4378947368421053,0.40421052631578946,0.44105263157894736,0.41789473684210526,0.38526315789473686,0.4242105263157895,0.4368421052631579,0.42947368421052634,0.41578947368421054,0.36526315789473685,0.40421052631578946,0.3894736842105263,0.38842105263157894,0.42736842105263156,0.41368421052631577,0.4231578947368421,0.42947368421052634,0.40421052631578946,0.4284210526315789,0.41578947368421054,0.4305263157894737
30,0.33263157894736844,0.3336842105263158,0.34210526315789475,0.3410526315789474,0.3336842105263158,0.3294736842105263,0.35368421052631577,0.35368421052631577,0.36105263157894735,0.3589473684210526,0.35789473684210527,0.3705263157894737,0.38,0.38105263157894737,0.38526315789473686,0.3894736842105263,0.3589473684210526,0.391578947368421,0.39789473684210525,0.39052631578947367,0.38842105263157894,0.40842105263157896,0.3936842105263158,0.37684210526315787,0.4073684210526316,0.4010526315789474,0.3968421052631579,0.4105263157894737,0.4326315789473684,0.43473684210526314,0.4305263157894737,0.3968421052631579,0.3936842105263158,0.4242105263157895,0.3757894736842105,0.37473684210526315,0.3831578947368421,0.3957894736842105,0.41789473684210526,0.38,0.39789473684210525,0.3957894736842105,0.39789473684210525,0.43473684210526314,0.43894736842105264,0.40210526315789474,0.41789473684210526,0.39052631578947367,0.45263157894736844,0.4031578947368421,0.42947368421052634
31,0.33263157894736844,0.3336842105263158,0.3410526315789474,0.3389473684210526,0.3273684210526316,0.33263157894736844,0.3589473684210526,0.3568421052631579,0.36105263157894735,0.36105263157894735,0.36526315789473685,0.35789473684210527,0.37473684210526315,0.3663157894736842,0.3831578947368421,0.3863157894736842,0.35789473684210527,0.3831578947368421,0.3873684210526316,0.3936842105263158,0.39263157894736844,0.391578947368421,0.3957894736842105,0.38421052631578945,0.39052631578947367,0.3936842105263158,0.38526315789473686,0.4063157894736842,0.3968421052631579,0.3989473684210526,0.41789473684210526,0.40842105263157896,0.3894736842105263,0.3957894736842105,0.42,0.42210526315789476,0.38105263157894737,0.4105263157894737,0.4168421052631579,0.36526315789473685,0.4231578947368421,0.3957894736842105,0.3831578947368421,0.4263157894736842,0.4,0.4336842105263158,0.42,0.4063157894736842,0.40842105263157896,0.45263157894736844,0.3957894736842105
32,0.33263157894736844,0.3357894736842105,0.3410526315789474,0.33052631578947367,0.32842105263157895,0.33157894736842103,0.3568421052631579,0.36,0.37157894736842106,0.3589473684210526,0.3726315789473684,0.3589473684210526,0.37157894736842106,0.38842105263157894,0.3726315789473684,0.40210526315789474,0.3821052631578947,0.3726315789473684,0.38842105263157894,0.38526315789473686,0.3894736842105263,0.39263157894736844,0.4031578947368421,0.40421052631578946,0.38526315789473686,0.39789473684210525,0.36526315789473685,0.4284210526315789,0.40421052631578946,0.391578947368421,0.4663157894736842,0.40842105263157896,0.3894736842105263,0.43473684210526314,0.37473684210526315,0.3873684210526316,0.4105263157894737,0.4305263157894737,0.41157894736842104,0.37473684210526315,0.3936842105263158,0.41578947368421054,0.3631578947368421,0.4,0.4231578947368421,0.4105263157894737,0.42526315789473684,0.4242105263157895,0.4568421052631579,0.4168421052631579,0.42
33,0.33263157894736844,0.33473684210526317,0.3431578947368421,0.33052631578947367,0.33157894736842103,0.3336842105263158,0.35578947368421054,0.36,0.37473684210526315,0.3663157894736842,0.3631578947368421,0.3631578947368421,0.3736842105263158,0.3894736842105263,0.37894736842105264,0.38105263157894737,0.4010526315789474,0.3705263157894737,0.3957894736842105,0.3873684210526316,0.4010526315789474,0.391578947368421,0.4,0.38842105263157894,0.40210526315789474,0.3968421052631579,0.40842105263157896,0.39473684210526316,0.41578947368421054,0.40842105263157896,0.42105263157894735,0.40842105263157896,0.3831578947368421,0.3821052631578947,0.3547368421052632,0.39263157894736844,0.4147368421052632,0.4105263157894737,0.40421052631578946,0.38,0.4,0.4168421052631579,0.40421052631578946,0.4189473684210526,0.42947368421052634,0.44842105263157894,0.4242105263157895,0.40421052631578946,0.43473684210526314,0.4284210526315789,0.4231578947368421
34,0.33263157894736844,0.3368421052631579,0.3410526315789474,0.3273684210526316,0.33052631578947367,0.3336842105263158,0.36,0.3473684210526316,0.3631578947368421,0.3568421052631579,0.36210526315789476,0.35789473684210527,0.38,0.34842105263157896,0.39789473684210525,0.36526315789473685,0.3663157894736842,0.3957894736842105,0.3894736842105263,0.40210526315789474,0.4073684210526316,0.38842105263157894,0.37473684210526315,0.3894736842105263,0.39263157894736844,0.3957894736842105,0.4063157894736842,0.4094736842105263,0.4147368421052632,0.41368421052631577,0.41578947368421054,0.3873684210526316,0.3957894736842105,0.4052631578947368,0.38842105263157894,0.3936842105263158,0.41157894736842104,0.41368421052631577,0.3936842105263158,0.3863157894736842,0.4094736842105263,0.42947368421052634,0.3821052631578947,0.41789473684210526,0.4242105263157895,0.4126315789473684,0.38526315789473686,0.37894736842105264,0.44526315789473686,0.45052631578947366,0.4431578947368421
35,0.33157894736842103,0.3368421052631579,0.3410526315789474,0.3294736842105263,0.33052631578947367,0.3336842105263158,0.3589473684210526,0.34842105263157896,0.37157894736842106,0.3568421052631579,0.36526315789473685,0.3589473684210526,0.3642105263157895,0.35368421052631577,0.37473684210526315,0.3894736842105263,0.3705263157894737,0.38526315789473686,0.4105263157894737,0.3957894736842105,0.3894736842105263,0.38526315789473686,0.39052631578947367,0.4073684210526316,0.39052631578947367,0.37157894736842106,0.38842105263157894,0.4,0.4073684210526316,0.4168421052631579,0.4010526315789474,0.3957894736842105,0.3726315789473684,0.40421052631578946,0.4010526315789474,0.36105263157894735,0.3936842105263158,0.38842105263157894,0.3968421052631579,0.3821052631578947,0.39473684210526316,0.38105263157894737,0.4063157894736842,0.42736842105263156,0.42526315789473684,0.4242105263157895,0.3821052631578947,0.39263157894736844,0.4126315789473684,0.42526315789473684,0.4231578947368421
36,0.33157894736842103,0.33789473684210525,0.3431578947368421,0.3294736842105263,0.33052631578947367,0.3336842105263158,0.3589473684210526,0.3463157894736842,0.36947368421052634,0.3589473684210526,0.3705263157894737,0.3589473684210526,0.37473684210526315,0.37684210526315787,0.37894736842105264,0.4,0.37473684210526315,0.3821052631578947,0.40210526315789474,0.37684210526315787,0.37473684210526315,0.36526315789473685,0.37894736842105264,0.4010526315789474,0.3778947368421053,0.38105263157894737,0.3968421052631579,0.4189473684210526,0.4,0.40421052631578946,0.43894736842105264,0.391578947368421,0.3705263157894737,0.3821052631578947,0.38421052631578945,0.3831578947368421,0.3894736842105263,0.3894736842105263,0.3589473684210526,0.3778947368421053,0.3863157894736842,0.3957894736842105,0.38105263157894737,0.3968421052631579,0.4010526315789474,0.4052631578947368,0.3873684210526316,0.3778947368421053,0.4231578947368421,0.4031578947368421,0.40842105263157896
37,0.33263157894736844,0.3357894736842105,0.3410526315789474,0.3294736842105263,0.3431578947368421,0.3357894736842105,0.3589473684210526,0.3526315789473684,0.36526315789473685,0.3568421052631579,0.36526315789473685,0.36,0.36210526315789476,0.3684210526315789,0.38,0.391578947368421,0.38526315789473686,0.38526315789473686,0.4073684210526316,0.3684210526315789,0.3663157894736842,0.3957894736842105,0.3831578947368421,0.3894736842105263,0.40421052631578946,0.3778947368421053,0.38421052631578945,0.39052631578947367,0.3663157894736842,0.4052631578947368,0.4189473684210526,0.38421052631578945,0.3936842105263158,0.39473684210526316,0.3989473684210526,0.36,0.41789473684210526,0.3726315789473684,0.37157894736842106,0.4,0.38421052631578945,0.39052631578947367,0.38421052631578945,0.3936842105263158,0.4431578947368421,0.3757894736842105,0.3873684210526316,0.38105263157894737,0.3831578947368421,0.4231578947368421,0.3989473684210526
38,0.33263157894736844,0.3357894736842105,0.3410526315789474,0.3273684210526316,0.3410526315789474,0.3357894736842105,0.36105263157894735,0.34210526315789475,0.36526315789473685,0.3631578947368421,0.36210526315789476,0.36105263157894735,0.36210526315789476,0.3757894736842105,0.36526315789473685,0.3957894736842105,0.38842105263157894,0.3863157894736842,0.3778947368421053,0.38,0.3705263157894737,0.38105263157894737,0.391578947368421,0.3831578947368421,0.39263157894736844,0.3831578947368421,0.38105263157894737,0.39789473684210525,0.3957894736842105,0.43894736842105264,0.39473684210526316,0.3642105263157895,0.41368421052631577,0.41789473684210526,0.39263157894736844,0.36210526315789476,0.4073684210526316,0.3831578947368421,0.3989473684210526,0.3821052631578947,0.4189473684210526,0.3736842105263158,0.3968421052631579,0.38842105263157894,0.42526315789473684,0.3863157894736842,0.3936842105263158,0.36947368421052634,0.3968421052631579,0.40421052631578946,0.39473684210526316
39,0.33263157894736844,0.3357894736842105,0.3389473684210526,0.3294736842105263,0.34210526315789475,0.3431578947368421,0.35368421052631577,0.34421052631578947,0.3642105263157895,0.36526315789473685,0.3631578947368421,0.3410526315789474,0.3663157894736842,0.37684210526315787,0.3726315789473684,0.391578947368421,0.38526315789473686,0.4052631578947368,0.4010526315789474,0.36947368421052634,0.3757894736842105,0.38842105263157894,0.39052631578947367,0.38421052631578945,0.3831578947368421,0.3957894736842105,0.37157894736842106,0.39473684210526316,0.39473684210526316,0.42210526315789476,0.38,0.3726315789473684,0.38526315789473686,0.3989473684210526,0.3736842105263158,0.36210526315789476,0.3821052631578947,0.3863157894736842,0.39263157894736844,0.3705263157894737,0.38526315789473686,0.3736842105263158,0.39473684210526316,0.39473684210526316,0.37684210526315787,0.37894736842105264,0.4,0.38,0.40421052631578946,0.3936842105263158,0.3894736842105263
40,0.33263157894736844,0.33789473684210525,0.3389473684210526,0.3294736842105263,0.3410526315789474,0.3410526315789474,0.3526315789473684,0.34421052631578947,0.3505263157894737,0.36736842105263157,0.36105263157894735,0.3463157894736842,0.36526315789473685,0.38105263157894737,0.38105263157894737,0.36736842105263157,0.3568421052631579,0.4073684210526316,0.3757894736842105,0.3757894736842105,0.3684210526315789,0.3831578947368421,0.37684210526315787,0.38842105263157894,0.3936842105263158,0.4052631578947368,0.3757894736842105,0.3968421052631579,0.38105263157894737,0.40421052631578946,0.41578947368421054,0.37473684210526315,0.3894736842105263,0.38842105263157894,0.3831578947368421,0.36526315789473685,0.40842105263157896,0.3968421052631579,0.4073684210526316,0.3936842105263158,0.3873684210526316,0.37684210526315787,0.37157894736842106,0.38842105263157894,0.38105263157894737,0.3989473684210526,0.3778947368421053,0.3505263157894737,0.4,0.42210526315789476,0.3757894736842105
41,0.33263157894736844,0.3357894736842105,0.3389473684210526,0.3294736842105263,0.34421052631578947,0.33052631578947367,0.3526315789473684,0.3463157894736842,0.36105263157894735,0.36736842105263157,0.36210526315789476,0.3547368421052632,0.3684210526315789,0.36736842105263157,0.3726315789473684,0.36105263157894735,0.3757894736842105,0.38,0.38105263157894737,0.3736842105263158,0.3705263157894737,0.3831578947368421,0.39052631578947367,0.39789473684210525,0.3726315789473684,0.4010526315789474,0.4073684210526316,0.40210526315789474,0.3936842105263158,0.4189473684210526,0.3936842105263158,0.3873684210526316,0.3831578947368421,0.4073684210526316,0.38,0.3831578947368421,0.3894736842105263,0.3968421052631579,0.3873684210526316,0.40421052631578946,0.39052631578947367,0.3821052631578947,0.3726315789473684,0.39263157894736844,0.3968421052631579,0.39789473684210525,0.3957894736842105,0.36947368421052634,0.4105263157894737,0.4378947368421053,0.36210526315789476
42,0.33157894736842103,0.33473684210526317,0.34,0.3273684210526316,0.34210526315789475,0.33157894736842103,0.3547368421052632,0.3463157894736842,0.35789473684210527,0.36526315789473685,0.36105263157894735,0.35578947368421054,0.3642105263157895,0.36526315789473685,0.3736842105263158,0.3684210526315789,0.3778947368421053,0.3736842105263158,0.36736842105263157,0.37684210526315787,0.3568421052631579,0.39052631578947367,0.3894736842105263,0.38,0.3726315789473684,0.391578947368421,0.4126315789473684,0.3894736842105263,0.4073684210526316,0.3968421052631579,0.4105263157894737,0.3863157894736842,0.35789473684210527,0.37473684210526315,0.37473684210526315,0.3757894736842105,0.42210526315789476,0.3936842105263158,0.40210526315789474,0.36210526315789476,0.3968421052631579,0.36736842105263157,0.3736842105263158,0.37684210526315787,0.4094736842105263,0.3778947368421053,0.4168421052631579,0.3589473684210526,0.3936842105263158,0.4168421052631579,0.4094736842105263
43,0.33263157894736844,0.3336842105263158,0.33789473684210525,0.32842105263157895,0.34210526315789475,0.3368421052631579,0.3547368421052632,0.3463157894736842,0.36210526315789476,0.3642105263157895,0.36526315789473685,0.36,0.3631578947368421,0.38526315789473686,0.3684210526315789,0.4031578947368421,0.3821052631578947,0.3726315789473684,0.3936842105263158,0.37473684210526315,0.4,0.3968421052631579,0.3821052631578947,0.39263157894736844,0.3757894736842105,0.38421052631578945,0.3989473684210526,0.39263157894736844,0.38421052631578945,0.40210526315789474,0.40421052631578946,0.38842105263157894,0.38105263157894737,0.39263157894736844,0.37894736842105264,0.36526315789473685,0.42526315789473684,0.38842105263157894,0.3831578947368421,0.34842105263157896,0.3663157894736842,0.3684210526315789,0.3589473684210526,0.3736842105263158,0.4052631578947368,0.3831578947368421,0.38842105263157894,0.3494736842105263,0.37157894736842106,0.42105263157894735,0.3757894736842105
44,0.33263157894736844,0.33473684210526317,0.3389473684210526,0.3273684210526316,0.34210526315789475,0.3494736842105263,0.3547368421052632,0.34210526315789475,0.35368421052631577,0.3642105263157895,0.36736842105263157,0.3494736842105263,0.3663157894736842,0.3705263157894737,0.37894736842105264,0.4010526315789474,0.3757894736842105,0.37684210526315787,0.3821052631578947,0.37684210526315787,0.39789473684210525,0.391578947368421,0.39263157894736844,0.3957894736842105,0.37473684210526315,0.39473684210526316,0.38,0.3736842105263158,0.3968421052631579,0.4031578947368421,0.41368421052631577,0.3831578947368421,0.3873684210526316,0.42105263157894735,0.35368421052631577,0.3526315789473684,0.4063157894736842,0.39789473684210525,0.39473684210526316,0.3642105263157895,0.3568421052631579,0.37157894736842106,0.3757894736842105,0.38526315789473686,0.4031578947368421,0.36947368421052634,0.39473684210526316,0.35368421052631577,0.4063157894736842,0.43157894736842106,0.3957894736842105
45,0.33157894736842103,0.3336842105263158,0.3389473684210526,0.3294736842105263,0.34210526315789475,0.3473684210526316,0.3526315789473684,0.3463157894736842,0.35368421052631577,0.36105263157894735,0.36105263157894735,0.3410526315789474,0.3631578947368421,0.35157894736842105,0.38105263157894737,0.4010526315789474,0.3757894736842105,0.3863157894736842,0.3831578947368421,0.3894736842105263,0.40842105263157896,0.3778947368421053,0.38526315789473686,0.3968421052631579,0.4,0.39789473684210525,0.3957894736842105,0.38105263157894737,0.3989473684210526,0.3989473684210526,0.3989473684210526,0.391578947368421,0.391578947368421,0.40842105263157896,0.37684210526315787,0.3684210526315789,0.38105263157894737,0.37894736842105264,0.3736842105263158,0.40842105263157896,0.36105263157894735,0.3726315789473684,0.38,0.3705263157894737,0.4063157894736842,0.3547368421052632,0.4031578947368421,0.37473684210526315,0.42526315789473684,0.39789473684210525,0.3705263157894737
46,0.33263157894736844,0.3357894736842105,0.3368421052631579,0.3294736842105263,0.34210526315789475,0.34842105263157896,0.35157894736842105,0.3463157894736842,0.3568421052631579,0.36105263157894735,0.36,0.3410526315789474,0.3526315789473684,0.3494736842105263,0.37894736842105264,0.3778947368421053,0.36526315789473685,0.3684210526315789,0.3989473684210526,0.3663157894736842,0.3873684210526316,0.391578947368421,0.3894736842105263,0.39789473684210525,0.4010526315789474,0.37894736842105264,0.37684210526315787,0.38421052631578945,0.391578947368421,0.38421052631578945,0.4031578947368421,0.37894736842105264,0.39263157894736844,0.38842105263157894,0.37473684210526315,0.35578947368421054,0.37894736842105264,0.40210526315789474,0.38526315789473686,0.35368421052631577,0.35157894736842105,0.38,0.36105263157894735,0.3726315789473684,0.37894736842105264,0.36,0.3736842105263158,0.35578947368421054,0.40210526315789474,0.4,0.38842105263157894
47,0.33263157894736844,0.3336842105263158,0.34,0.3294736842105263,0.35157894736842105,0.34842105263157896,0.3494736842105263,0.3494736842105263,0.3547368421052632,0.3589473684210526,0.36526315789473685,0.34421052631578947,0.3547368421052632,0.37684210526315787,0.36736842105263157,0.3494736842105263,0.3642105263157895,0.36526315789473685,0.3778947368421053,0.3778947368421053,0.3936842105263158,0.38,0.3821052631578947,0.39473684210526316,0.39473684210526316,0.39263157894736844,0.40842105263157896,0.4094736842105263,0.4105263157894737,0.3873684210526316,0.4010526315789474,0.37894736842105264,0.3821052631578947,0.391578947368421,0.3663157894736842,0.35789473684210527,0.3589473684210526,0.3736842105263158,0.3726315789473684,0.3452631578947368,0.3663157894736842,0.3705263157894737,0.3831578947368421,0.3757894736842105,0.38526315789473686,0.3642105263157895,0.37157894736842106,0.35578947368421054,0.3894736842105263,0.37894736842105264,0.37157894736842106
48,0.33157894736842103,0.33473684210526317,0.34,0.3273684210526316,0.3505263157894737,0.3526315789473684,0.3505263157894737,0.3452631578947368,0.36,0.3568421052631579,0.36210526315789476,0.34421052631578947,0.35157894736842105,0.36105263157894735,0.36736842105263157,0.36526315789473685,0.3684210526315789,0.38,0.37894736842105264,0.3568421052631579,0.3957894736842105,0.3968421052631579,0.39052631578947367,0.3957894736842105,0.41789473684210526,0.38526315789473686,0.38526315789473686,0.4010526315789474,0.4,0.39473684210526316,0.3989473684210526,0.3873684210526316,0.39473684210526316,0.4052631578947368,0.36947368421052634,0.36105263157894735,0.3831578947368421,0.37894736842105264,0.3989473684210526,0.34842105263157896,0.36,0.3726315789473684,0.36105263157894735,0.38526315789473686,0.3831578947368421,0.38526315789473686,0.35789473684210527,0.4336842105263158,0.39473684210526316,0.3631578947368421,0.37473684210526315
49,0.33157894736842103,0.33473684210526317,0.34,0.32842105263157895,0.35157894736842105,0.3505263157894737,0.34842105263157896,0.3452631578947368,0.35368421052631577,0.36,0.3631578947368421,0.34421052631578947,0.3526315789473684,0.35368421052631577,0.36210526315789476,0.38,0.36,0.3642105263157895,0.3873684210526316,0.3736842105263158,0.3968421052631579,0.3873684210526316,0.3894736842105263,0.37157894736842106,0.40210526315789474,0.39789473684210525,0.3989473684210526,0.39052631578947367,0.38421052631578945,0.3873684210526316,0.40842105263157896,0.36947368421052634,0.3863157894736842,0.39789473684210525,0.38105263157894737,0.3642105263157895,0.3631578947368421,0.38421052631578945,0.36526315789473685,0.34210526315789475,0.3568421052631579,0.38,0.3684210526315789,0.3831578947368421,0.3989473684210526,0.38842105263157894,0.39052631578947367,0.39263157894736844,0.40210526315789474,0.3968421052631579,0.3863157894736842
50,0.33157894736842103,0.33473684210526317,0.3389473684210526,0.32842105263157895,0.3431578947368421,0.34842105263157896,0.3505263157894737,0.34421052631578947,0.3505263157894737,0.35578947368421054,0.3631578947368421,0.3473684210526316,0.3505263157894737,0.35368421052631577,0.37684210526315787,0.3821052631578947,0.38526315789473686,0.3705263157894737,0.38105263157894737,0.3705263157894737,0.39263157894736844,0.38526315789473686,0.38842105263157894,0.38105263157894737,0.37684210526315787,0.39052631578947367,0.37684210526315787,0.3705263157894737,0.3936842105263158,0.39052631578947367,0.4105263157894737,0.37473684210526315,0.37894736842105264,0.4105263157894737,0.3705263157894737,0.3389473684210526,0.3778947368421053,0.3705263157894737,0.37684210526315787,0.36105263157894735,0.36736842105263157,0.3642105263157895,0.37894736842105264,0.4073684210526316,0.3873684210526316,0.3726315789473684,0.3757894736842105,0.391578947368421,0.40421052631578946,0.3726315789473684,0.36947368421052634
