P,S_T_mean,S_T_sem
0.0010526315789473684,1.0,0.0
0.002105263157894737,1.0,0.0
0.003157894736842105,1.0,0.0
0.004210526315789474,1.0,0.0
0.005263157894736842,1.0,0.0
0.00631578947368421,1.0,0.0
0.007368421052631579,1.0,0.0
0.008421052631578947,1.0,0.0
0.009473684210526316,1.0,0.0
0.010526315789473684,1.0,0.0
0.011578947368421053,1.0,0.0
0.01263157894736842,1.0,0.0
0.01368421052631579,1.0,0.0
0.014736842105263158,1.0,0.0
0.015789473684210527,1.0,0.0
0.016842105263157894,1.0,0.0
0.017894736842105262,1.0,0.0
0.018947368421052633,1.0,0.0
0.02,1.0,0.0
0.021052631578947368,1.0,0.0
0.022105263157894735,1.0,0.0
0.023157894736842106,1.0,0.0
0.024210526315789474,1.0,0.0
0.02526315789473684,1.0,0.0
0.02631578947368421,1.0,0.0
0.02736842105263158,1.0,0.0
0.028421052631578948,1.0,0.0
0.029473684210526315,1.0,0.0
0.030526315789473683,1.0,0.0
0.031578947368421054,1.0,0.0
0.03263157894736842,1.0,0.0
0.03368421052631579,1.0,0.0
0.034736842105263156,1.0,0.0
0.035789473684210524,1.0,0.0
0.03684210526315789,1.0,0.0
0.037894736842105266,1.0,0.0
0.03894736842105263,1.0,0.0
0.04,1.0,0.0
0.04105263157894737,1.0,0.0
0.042105263157894736,1.0,0.0
0.0431578947368421,1.0,0.0
0.04421052631578947,1.0,0.0
0.045263157894736845,1.0,0.0
0.04631578947368421,1.0,0.0
0.04736842105263158,1.0,0.0
0.04842105263157895,1.0,0.0
0.049473684210526316,1.0,0.0
0.05052631578947368,1.0,0.0
0.05157894736842105,1.0,0.0
0.05263157894736842,1.0,0.0
0.05368421052631579,1.0,0.0
0.05473684210526316,1.0,0.0
0.05578947368421053,1.0,0.0
0.056842105263157895,1.0,0.0
0.05789473684210526,1.0,0.0
0.05894736842105263,1.0,0.0
0.06,1.0,0.0
0.061052631578947365,1.0,0.0
0.06210526315789474,1.0,0.0
0.06315789473684211,1.0,0.0
0.06421052631578947,1.0,0.0
0.06526315789473684,1.0,0.0
0.06631578947368422,1.0,0.0
0.06736842105263158,1.0,0.0
0.06842105263157895,1.0,0.0
0.06947368421052631,1.0,0.0
0.07052631578947369,1.0,0.0
0.07157894736842105,1.0,0.0
0.07263157894736842,1.0,0.0
0.07368421052631578,1.0,0.0
0.07473684210526316,1.0,0.0
0.07578947368421053,1.0,0.0
0.07684210526315789,1.0,0.0
0.07789473684210527,1.0,0.0
0.07894736842105263,1.0,0.0
0.08,1.0,0.0
0.08105263157894736,1.0,0.0
0.08210526315789474,1.0,0.0
0.08315789473684211,1.0,0.0
0.08421052631578947,1.0,0.0
0.08526315789473685,1.0,0.0
0.0863157894736842,1.0,0.0
0.08736842105263158,1.0,0.0
0.08842105263157894,1.0,0.0
0.08947368421052632,1.0,0.0
0.09052631578947369,1.0,0.0
0.09157894736842105,1.0,0.0
0.09263157894736843,1.0,0.0
0.09368421052631579,1.0,0.0
0.09473684210526316,1.0,0.0
0.09578947368421052,1.0,0.0
0.0968421052631579,1.0,0.0
0.09789473684210526,1.0,0.0
0.09894736842105263,1.0,0.0
0.1,1.0,0.0
0.10105263157894737,1.0,0.0
0.10210526315789474,1.0,0.0
0.1031578947368421,1.0,0.0
0.10421052631578948,1.0,0.0
0.10526315789473684,1.0,0.0
0.10631578947368421,1.0,0.0
0.10736842105263159,1.0,0.0
0.10842105263157895,1.0,0.0
0.10947368421052632,1.0,0.0
0.11052631578947368,1.0,0.0
0.11157894736842106,1.0,0.0
0.11263157894736842,1.0,0.0
0.11368421052631579,1.0,0.0
0.11473684210526315,1.0,0.0
0.11578947368421053,1.0,0.0
0.1168421052631579,1.0,0.0
0.11789473684210526,1.0,0.0
0.11894736842105263,1.0,0.0
0.12,1.0,0.0
0.12105263157894737,1.0,0.0
0.12210526315789473,1.0,0.0
0.1231578947368421,1.0,0.0
0.12421052631578948,1.0,0.0
0.12526315789473685,1.0,0.0
0.12631578947368421,1.0,0.0
0.12736842105263158,1.0,0.0
0.12842105263157894,1.0,0.0
0.12947368421052632,1.0,0.0
0.13052631578947368,1.0,0.0
0.13157894736842105,1.0,0.0
0.13263157894736843,1.0,0.0
0.1336842105263158,1.0,0.0
0.13473684210526315,1.0,0.0
0.13578947368421052,1.0,0.0
0.1368421052631579,1.0,0.0
0.13789473684210526,1.0,0.0
0.13894736842105262,1.0,0.0
0.14,1.0,0.0
0.14105263157894737,1.0,0.0
0.14210526315789473,1.0,0.0
0.1431578947368421,1.0,0.0
0.14421052631578948,1.0,0.0
0.14526315789473684,1.0,0.0
0.1463157894736842,1.0,0.0
0.14736842105263157,1.0,0.0
0.14842105263157895,1.0,0.0
0.14947368421052631,1.0,0.0
0.15052631578947367,1.0,0.0
0.15157894736842106,1.0,0.0
0.15263157894736842,1.0,0.0
0.15368421052631578,1.0,0.0
0.15473684210526314,1.0,0.0
0.15578947368421053,1.0,0.0
0.1568421052631579,1.0,0.0
0.15789473684210525,1.0,0.0
0.15894736842105264,1.0,0.0
0.16,1.0,0.0
0.16105263157894736,1.0,0.0
0.16210526315789472,1.0,0.0
0.1631578947368421,1.0,0.0
0.16421052631578947,1.0,0.0
0.16526315789473683,1.0,0.0
0.16631578947368422,1.0,0.0
0.16736842105263158,1.0,0.0
0.16842105263157894,1.0,0.0
0.1694736842105263,1.0,0.0
0.1705263157894737,1.0,0.0
0.17157894736842105,1.0,0.0
0.1726315789473684,1.0,0.0
0.1736842105263158,1.0,0.0
0.17473684210526316,1.0,0.0
0.17578947368421052,1.0,0.0
0.17684210526315788,1.0,0.0
0.17789473684210527,1.0,0.0
0.17894736842105263,1.0,0.0
0.18,1.0,0.0
0.18105263157894738,1.0,0.0
0.18210526315789474,1.0,0.0
0.1831578947368421,1.0,0.0
0.18421052631578946,1.0,0.0
0.18526315789473685,1.0,0.0
0.1863157894736842,1.0,0.0
0.18736842105263157,1.0,0.0
0.18842105263157893,1.0,0.0
0.18947368421052632,1.0,0.0
0.19052631578947368,1.0,0.0
0.19157894736842104,1.0,0.0
0.19263157894736843,1.0,0.0
0.1936842105263158,1.0,0.0
0.19473684210526315,1.0,0.0
0.1957894736842105,1.0,0.0
0.1968421052631579,1.0,0.0
0.19789473684210526,1.0,0.0
0.19894736842105262,1.0,0.0
0.2,1.0,0.0
0.20105263157894737,1.0,0.0
0.20210526315789473,0.9995999999999999,0.00028
0.2031578947368421,0.9995999999999999,0.00028
0.20421052631578948,0.9995999999999999,0.00028
0.20526315789473684,0.9995999999999999,0.00028
0.2063157894736842,0.9995999999999999,0.00028
0.2073684210526316,0.9995999999999999,0.00028
0.20842105263157895,0.9995999999999999,0.00028
0.2094736842105263,0.9995999999999999,0.00028
0.21052631578947367,0.9994,0.00034117444218463973
0.21157894736842106,0.9994,0.00034117444218463973
0.21263157894736842,0.9994,0.00034117444218463973
0.21368421052631578,0.9992,0.000391918358845309
0.21473684210526317,0.9992,0.000391918358845309
0.21578947368421053,0.9990000000000001,0.00043588989435406754
0.2168421052631579,0.9986,0.0005834380858325938
0.21789473684210525,0.9986,0.0005834380858325938
0.21894736842105264,0.9984000000000001,0.0006118823416311352
0.22,0.998,0.00066332495807108
0.22105263157894736,0.9976,0.0007088018058667744
0.22210526315789475,0.9976,0.0007088018058667744
0.2231578947368421,0.9976,0.0007088018058667744
0.22421052631578947,0.9976,0.0007088018058667744
0.22526315789473683,0.9976,0.0007088018058667744
0.22631578947368422,0.9974000000000001,0.000729657453878189
0.22736842105263158,0.9974000000000001,0.000729657453878189
0.22842105263157894,0.9972000000000001,0.000749399759807808
0.2294736842105263,0.9972000000000001,0.000749399759807808
0.2305263157894737,0.9972000000000001,0.000749399759807808
0.23157894736842105,0.9972000000000001,0.000749399759807808
0.2326315789473684,0.997,0.000768114574786862
0.2336842105263158,0.997,0.000768114574786862
0.23473684210526316,0.997,0.000768114574786862
0.23578947368421052,0.997,0.000768114574786862
0.23684210526315788,0.997,0.000768114574786862
0.23789473684210527,0.997,0.000768114574786862
0.23894736842105263,0.9968,0.0007858753081755408
0.24,0.9968,0.0007858753081755408
0.24105263157894738,0.9966000000000002,0.00080274528961558
0.24210526315789474,0.9966000000000002,0.00080274528961558
0.2431578947368421,0.9966000000000002,0.00080274528961558
0.24421052631578946,0.9966000000000002,0.00080274528961558
0.24526315789473685,0.9966000000000002,0.00080274528961558
0.2463157894736842,0.9964000000000002,0.0008187795796183494
0.24736842105263157,0.9964000000000002,0.0008187795796183494
0.24842105263157896,0.9964000000000002,0.0008187795796183494
0.24947368421052632,0.9964000000000002,0.0008187795796183494
0.2505263157894737,0.9962000000000001,0.0008806815542521604
0.25157894736842107,0.9962000000000001,0.0008806815542521604
0.25263157894736843,0.9960000000000001,0.0008944271909999167
0.2536842105263158,0.9960000000000001,0.0008944271909999167
0.25473684210526315,0.9960000000000001,0.0008944271909999167
0.2557894736842105,0.9960000000000001,0.0008944271909999167
0.25684210526315787,0.9958000000000001,0.0009075241043630756
0.2578947368421053,0.9958000000000001,0.0009075241043630756
0.25894736842105265,0.9956000000000002,0.0009624967532412789
0.26,0.995,0.0010344080432788615
0.26105263157894737,0.9942,0.0011061645447219873
0.26210526315789473,0.9942,0.0011061645447219873
0.2631578947368421,0.9940000000000001,0.001183215956619925
0.26421052631578945,0.9937999999999999,0.001189789897418869
0.26526315789473687,0.9937999999999999,0.001189789897418869
0.26631578947368423,0.9934000000000001,0.001234665946724054
0.2673684210526316,0.9934000000000001,0.001234665946724054
0.26842105263157895,0.9934000000000001,0.001234665946724054
0.2694736842105263,0.9934000000000001,0.001234665946724054
0.27052631578947367,0.9934000000000001,0.001234665946724054
0.27157894736842103,0.9932,0.0012400000000000017
0.27263157894736845,0.9932,0.0012400000000000017
0.2736842105263158,0.9923999999999998,0.0013200000000000013
0.27473684210526317,0.9904,0.0016608431593621363
0.27578947368421053,0.985,0.00198746069143518
0.2768421052631579,0.9789999999999998,0.0021047565179849207
0.27789473684210525,0.9723999999999997,0.0022588492645592806
0.2789473684210526,0.9699999999999995,0.0022000000000000014
0.28,0.9689999999999998,0.002269361143582044
0.2810526315789474,0.9687999999999998,0.002268391500601252
0.28210526315789475,0.9681999999999996,0.002264420455657474
0.2831578947368421,0.9677999999999998,0.0022785082839436865
0.28421052631578947,0.9667999999999997,0.00226662745064115
0.28526315789473683,0.9655999999999995,0.0022992172581119867
0.2863157894736842,0.9621999999999997,0.0025906755875639864
0.2873684210526316,0.9589999999999996,0.0026888659319497495
0.28842105263157897,0.9559999999999998,0.0028705400188814645
0.2894736842105263,0.9545999999999996,0.002923764696414538
0.2905263157894737,0.9537999999999994,0.002894062888052019
0.29157894736842105,0.9529999999999994,0.0030116440692751194
0.2926315789473684,0.9529999999999994,0.0030116440692751194
0.29368421052631577,0.9525999999999994,0.0030020659553047797
0.29473684210526313,0.9515999999999996,0.003035523019184668
0.29578947368421055,0.9509999999999996,0.003051229260478472
0.2968421052631579,0.9479999999999995,0.003072458299147442
0.29789473684210527,0.9457999999999994,0.003089271758845439
0.29894736842105263,0.9433999999999996,0.003175594432543298
0.3,0.9403999999999998,0.0031872244978978165
0.30105263157894735,0.9389999999999995,0.003192177939902472
0.3021052631578947,0.9371999999999997,0.003237529922641641
0.3031578947368421,0.9351999999999996,0.0033361055139188864
0.3042105263157895,0.9325999999999997,0.0033544597180470044
0.30526315789473685,0.9293999999999997,0.0034462153153858497
0.3063157894736842,0.9287999999999996,0.0033978816930552457
0.30736842105263157,0.9257999999999997,0.0034559513885470067
0.30842105263157893,0.9235999999999995,0.0035707702250354885
0.3094736842105263,0.9175999999999996,0.0038291513420077817
0.3105263157894737,0.9104000000000001,0.003984771009731926
0.31157894736842107,0.9044,0.004045540754954767
0.3126315789473684,0.8985999999999998,0.004149746980238675
0.3136842105263158,0.8933999999999999,0.004176649374797935
0.31473684210526315,0.8896,0.004377030957167198
0.3157894736842105,0.887,0.0043023249528597925
0.31684210526315787,0.8843999999999999,0.004276260048219705
0.3178947368421053,0.882,0.004395452195167185
0.31894736842105265,0.878,0.004538722287164089
0.32,0.8758,0.004658712268427833
0.32105263157894737,0.8674000000000003,0.004653213943072036
0.32210526315789473,0.8524,0.005815702880993838
0.3231578947368421,0.8300000000000004,0.006276941930590085
0.32421052631578945,0.8042000000000001,0.006801735072759008
0.32526315789473687,0.7909999999999999,0.00731231837381278
0.3263157894736842,0.7874,0.00740083779041265
0.3273684210526316,0.7828,0.0074941043494202815
0.32842105263157895,0.7739999999999999,0.007469939758793237
0.3294736842105263,0.7713999999999999,0.007532622385331684
0.33052631578947367,0.7644,0.007785011239555148
0.33157894736842103,0.7619999999999999,0.007851114570556207
0.33263157894736844,0.7575999999999996,0.007659138332736915
0.3336842105263158,0.7561999999999997,0.0076925678417547935
0.33473684210526317,0.7523999999999995,0.007609362653994092
0.3357894736842105,0.7495999999999995,0.007475185616424518
0.3368421052631579,0.7437999999999996,0.007614170998867835
0.33789473684210525,0.7415999999999996,0.007492289369745403
0.3389473684210526,0.7357999999999996,0.007322813666890615
0.34,0.7339999999999997,0.007269112738154497
0.3410526315789474,0.7323999999999995,0.007379864497401021
0.34210526315789475,0.7317999999999995,0.007338092395166469
0.3431578947368421,0.7309999999999995,0.00729588925354545
0.34421052631578947,0.7273999999999995,0.007147894794972855
0.3452631578947368,0.7229999999999995,0.00735051018637482
0.3463157894736842,0.7167999999999997,0.0068918502595456885
0.3473684210526316,0.7137999999999995,0.006909095454543959
0.34842105263157896,0.7107999999999995,0.006970910987812137
0.3494736842105263,0.7095999999999996,0.0069540204198722325
0.3505263157894737,0.7089999999999995,0.006895650803223727
0.35157894736842105,0.7071999999999996,0.006749933333004114
0.3526315789473684,0.7069999999999994,0.006749074010558782
0.35368421052631577,0.7063999999999995,0.006692563036684822
0.3547368421052632,0.7051999999999995,0.006720833281669766
0.35578947368421054,0.7027999999999995,0.006584952543488828
0.3568421052631579,0.7009999999999995,0.006408587988004845
0.35789473684210527,0.6999999999999996,0.00641248781675256
0.3589473684210526,0.6985999999999996,0.006357703988076198
0.36,0.6981999999999996,0.006325156124555348
0.36105263157894735,0.6973999999999996,0.00637905949180598
0.36210526315789476,0.6959999999999995,0.006399999999999999
0.3631578947368421,0.6947999999999994,0.006521472226422497
0.3642105263157895,0.6939999999999995,0.006465291950097846
0.36526315789473685,0.6933999999999996,0.006375296071556205
0.3663157894736842,0.6929999999999997,0.006364746656387828
0.36736842105263157,0.6919999999999996,0.006337191807101944
0.3684210526315789,0.6899999999999996,0.006244997998398398
0.36947368421052634,0.6877999999999996,0.006078782772891297
0.3705263157894737,0.6877999999999996,0.006078782772891297
0.37157894736842106,0.6869999999999996,0.006062177826491074
0.3726315789473684,0.6863999999999996,0.005959060328608865
0.3736842105263158,0.6863999999999996,0.005959060328608865
0.37473684210526315,0.6857999999999995,0.0060086271310508185
0.3757894736842105,0.6857999999999995,0.0060086271310508185
0.37684210526315787,0.6851999999999997,0.005964025486196381
0.3778947368421053,0.6851999999999997,0.005964025486196381
0.37894736842105264,0.6849999999999996,0.006009159675029447
0.38,0.6849999999999996,0.006009159675029447
0.38105263157894737,0.6849999999999996,0.006009159675029447
0.3821052631578947,0.6847999999999996,0.006007462026513358
0.3831578947368421,0.6839999999999996,0.006006662967072482
0.38421052631578945,0.6829999999999995,0.006002499479383571
0.38526315789473686,0.6827999999999996,0.006000133331851885
0.3863157894736842,0.6815999999999997,0.0060905172194157696
0.3873684210526316,0.6797999999999997,0.006128588744564279
0.38842105263157894,0.6769999999999997,0.006295236294214855
0.3894736842105263,0.6735999999999999,0.006380470202108933
0.39052631578947367,0.6709999999999998,0.006408587988004843
0.391578947368421,0.6701999999999998,0.006390586827514357
0.39263157894736844,0.6687999999999998,0.0062948868139149254
0.3936842105263158,0.6685999999999999,0.006300825342762642
0.39473684210526316,0.6685999999999999,0.006300825342762642
0.3957894736842105,0.6685999999999999,0.006300825342762642
0.3968421052631579,0.6683999999999999,0.006306694855469068
0.39789473684210525,0.6679999999999998,0.006343500610861486
0.3989473684210526,0.667,0.006352164985262898
0.4,0.6664,0.006392996167682255
0.4010526315789474,0.6656,0.006369175770851357
0.40210526315789474,0.6652,0.006378840019940928
0.4031578947368421,0.6648,0.006356854568102058
0.40421052631578946,0.6643999999999999,0.006340851677811112
0.4052631578947368,0.6625999999999999,0.006277929595017771
0.4063157894736842,0.6623999999999998,0.0063136677137777845
0.4073684210526316,0.6615999999999999,0.006278088881180322
0.40842105263157896,0.6603999999999998,0.006203096001191665
0.4094736842105263,0.6597999999999999,0.006082729650411893
0.4105263157894737,0.6597999999999999,0.006082729650411893
0.41157894736842104,0.6591999999999999,0.0060920932363186945
0.4126315789473684,0.6575999999999997,0.006101016308780039
0.41368421052631577,0.6567999999999998,0.006149601613112838
0.4147368421052632,0.6565999999999999,0.0061322426566469135
0.41578947368421054,0.6561999999999998,0.006123365087923469
0.4168421052631579,0.6553999999999998,0.006124410175682225
0.41789473684210526,0.6543999999999999,0.0060997049108952785
0.4189473684210526,0.6543999999999999,0.0060997049108952785
0.42,0.6537999999999998,0.006110286408999173
0.42105263157894735,0.6535999999999998,0.0061376216892213235
0.42210526315789476,0.6524,0.006130448596962543
0.4231578947368421,0.6516,0.006133057964832877
0.4242105263157895,0.6511999999999999,0.006094719025517089
0.42526315789473684,0.6509999999999999,0.0061016391240387175
0.4263157894736842,0.6503999999999998,0.006049661147535456
0.42736842105263156,0.6501999999999998,0.006043144876635013
0.4284210526315789,0.6501999999999998,0.006043144876635013
0.42947368421052634,0.6497999999999997,0.006128588744564281
0.4305263157894737,0.6485999999999997,0.006113951259210361
0.43157894736842106,0.6479999999999998,0.006086049621881178
0.4326315789473684,0.6459999999999998,0.006029925372672535
0.4336842105263158,0.6449999999999999,0.006088513775955507
0.43473684210526314,0.6431999999999999,0.00616908421080471
0.4357894736842105,0.6409999999999998,0.0060621778264910685
0.4368421052631579,0.6405999999999997,0.00608246660492271
0.4378947368421053,0.6401999999999998,0.0061155212369838115
0.43894736842105264,0.6399999999999998,0.006092618484691127
0.44,0.6395999999999998,0.006039735093528521
0.44105263157894736,0.6395999999999998,0.006039735093528521
0.4421052631578947,0.6387999999999997,0.006038675351432632
0.4431578947368421,0.6377999999999997,0.006032545068211257
0.4442105263157895,0.6369999999999997,0.006048966853934645
0.44526315789473686,0.6359999999999997,0.0061057350089895
0.4463157894736842,0.6353999999999997,0.0061439726561891535
0.4473684210526316,0.6349999999999998,0.006127805479941409
0.44842105263157894,0.6337999999999998,0.006129893963193818
0.4494736842105263,0.6333999999999997,0.006177734212476283
0.45052631578947366,0.6325999999999998,0.006181617911194447
0.4515789473684211,0.6317999999999999,0.006210281797148982
0.45263157894736844,0.6297999999999999,0.00620641603503987
0.4536842105263158,0.629,0.006231372240526158
0.45473684210526316,0.6284,0.006242948021568015
0.4557894736842105,0.6277999999999999,0.006266705673637463
0.4568421052631579,0.627,0.006282515419798028
0.45789473684210524,0.6266,0.006312242073938548
0.4589473684210526,0.6258,0.006351661200032636
0.46,0.6247999999999999,0.006419470383139096
0.4610526315789474,0.624,0.0064124878167525585
0.46210526315789474,0.6234000000000001,0.00633753895451539
0.4631578947368421,0.6228,0.006337318044725229
0.46421052631578946,0.6221999999999999,0.006361729324641215
0.4652631578947368,0.6219999999999999,0.006327716807822546
0.4663157894736842,0.6219999999999999,0.006327716807822546
0.4673684210526316,0.6213999999999998,0.006357703988076202
0.46842105263157896,0.6207999999999999,0.006361886512662736
0.4694736842105263,0.6204,0.006399874998779273
0.4705263157894737,0.6204,0.006399874998779273
0.47157894736842104,0.6198,0.006403093002604285
0.4726315789473684,0.6196,0.006431049681039637
0.47368421052631576,0.6194000000000001,0.006427783443769712
0.4747368421052632,0.6188,0.006430054432117975
0.47578947368421054,0.6178000000000001,0.006424297626978376
0.4768421052631579,0.6164000000000002,0.006464549481595759
0.47789473684210526,0.6152000000000001,0.006450550364116228
0.4789473684210526,0.614,0.006428063471995278
0.48,0.613,0.00638983567863838
0.48105263157894734,0.6127999999999999,0.006396999296545218
0.48210526315789476,0.612,0.006424951361683603
0.4831578947368421,0.6108,0.006339842269331315
0.4842105263157895,0.6094,0.006333750863429979
0.48526315789473684,0.6082,0.006331476920908741
0.4863157894736842,0.607,0.006345864795282043
0.48736842105263156,0.6053999999999999,0.006442701296816419
0.4884210526315789,0.6043999999999999,0.006465786881733727
0.48947368421052634,0.6023999999999998,0.006401749760807589
0.4905263157894737,0.6013999999999998,0.006494643947130589
0.49157894736842106,0.6007999999999998,0.006511036783800257
0.4926315789473684,0.6001999999999998,0.006471444970020217
0.4936842105263158,0.5992,0.006504890467947941
0.49473684210526314,0.5985999999999999,0.006506950130437454
0.4957894736842105,0.5978,0.0064985844612500026
0.4968421052631579,0.5976,0.006476295237247911
0.4978947368421053,0.5969999999999999,0.006427285585688561
0.49894736842105264,0.5967999999999999,0.0063919949937402175
0.5,0.5966,0.00640034374076893
0.5010526315789474,0.5962,0.00639809346602564
0.5021052631578947,0.596,0.0064124878167525585
0.5031578947368421,0.5953999999999999,0.006486015726160396
0.5042105263157894,0.5949999999999999,0.006501538279515084
0.5052631578947369,0.5945999999999999,0.006522913459490317
0.5063157894736842,0.5937999999999999,0.0065890515250679295
0.5073684210526316,0.5927999999999998,0.006666453329919891
0.508421052631579,0.5919999999999999,0.006764613810115104
0.5094736842105263,0.5913999999999999,0.006783833724377389
0.5105263157894737,0.589,0.0068665857600411564
0.511578947368421,0.5878,0.006887060330794265
0.5126315789473684,0.5853999999999999,0.0066684630912977215
0.5136842105263157,0.5835999999999998,0.006677604360846787
0.5147368421052632,0.5827999999999998,0.006621298966215014
0.5157894736842106,0.5823999999999999,0.006592601914267235
0.5168421052631579,0.5815999999999998,0.006631319627344168
0.5178947368421053,0.5815999999999998,0.006631319627344168
0.5189473684210526,0.5811999999999998,0.006620090633820658
0.52,0.5807999999999999,0.006626733735408417
0.5210526315789473,0.5807999999999999,0.006626733735408417
0.5221052631578947,0.5807999999999999,0.006626733735408417
0.5231578947368422,0.5805999999999998,0.00661183786855062
0.5242105263157895,0.5797999999999998,0.006642258651994816
0.5252631578947369,0.5781999999999997,0.00665789756604891
0.5263157894736842,0.5771999999999998,0.006645419475097114
0.5273684210526316,0.5755999999999998,0.006660810761461402
0.5284210526315789,0.5747999999999996,0.006726782291705299
0.5294736842105263,0.5737999999999998,0.006733171615219681
0.5305263157894737,0.5735999999999998,0.006722380530734628
0.531578947368421,0.5729999999999997,0.00665357047005591
0.5326315789473685,0.5723999999999997,0.006613803746710359
0.5336842105263158,0.5713999999999997,0.006658858761079106
0.5347368421052632,0.5707999999999998,0.00667185131728818
0.5357894736842105,0.5701999999999997,0.006731983363021629
0.5368421052631579,0.5697999999999998,0.0066663033234319585
0.5378947368421053,0.5697999999999998,0.0066663033234319585
0.5389473684210526,0.5695999999999998,0.006642168320661559
0.54,0.5689999999999997,0.006641535966928129
0.5410526315789473,0.5687999999999996,0.006677244940841996
0.5421052631578948,0.5685999999999997,0.006706742875643881
0.5431578947368421,0.5675999999999997,0.006763312797734554
0.5442105263157895,0.5665999999999998,0.006723421747889984
0.5452631578947369,0.5663999999999997,0.006704505947495311
0.5463157894736842,0.5659999999999997,0.0067379522111692056
0.5473684210526316,0.5657999999999997,0.006778170844704343
0.5484210526315789,0.5651999999999998,0.006791877501839972
0.5494736842105263,0.5645999999999999,0.006781474765860301
0.5505263157894736,0.5639999999999998,0.006829348431585547
0.5515789473684211,0.5631999999999998,0.006833564223741516
0.5526315789473685,0.5627999999999997,0.006788342949498058
0.5536842105263158,0.5615999999999998,0.0067922308559117735
0.5547368421052632,0.5603999999999997,0.0068817439650135205
0.5557894736842105,0.5595999999999997,0.0068875539925288415
0.5568421052631579,0.5587999999999996,0.00689823165746121
0.5578947368421052,0.5573999999999998,0.006862390254131571
0.5589473684210526,0.5559999999999998,0.006864400920692207
0.56,0.5541999999999998,0.006848620299009138
0.5610526315789474,0.5533999999999999,0.006905389199748266
0.5621052631578948,0.5521999999999999,0.006863789041047225
0.5631578947368421,0.5518,0.0068181815757575705
0.5642105263157895,0.5509999999999999,0.006778642932032929
0.5652631578947368,0.5509999999999999,0.006778642932032929
0.5663157894736842,0.5503999999999999,0.0067733595800016436
0.5673684210526316,0.5501999999999999,0.006791141288472799
0.5684210526315789,0.5493999999999999,0.006814425874569331
0.5694736842105264,0.5483999999999999,0.006877092408860012
0.5705263157894737,0.5479999999999998,0.006864400920692207
0.5715789473684211,0.5469999999999999,0.006889847603539577
0.5726315789473684,0.5468,0.006883138818881976
0.5736842105263158,0.5451999999999999,0.006902868968769434
0.5747368421052632,0.5444,0.006896839856050016
0.5757894736842105,0.5419999999999999,0.006820557161991975
0.5768421052631579,0.5414,0.0068366951080182
0.5778947368421052,0.5408000000000001,0.006898811491844082
0.5789473684210527,0.5402,0.006838099151079924
0.58,0.5388000000000001,0.006874998181817943
0.5810526315789474,0.5378000000000001,0.0068754345317223395
0.5821052631578948,0.5378000000000001,0.0068754345317223395
0.5831578947368421,0.5354,0.00706458774451843
0.5842105263157895,0.5336,0.006927510375308
0.5852631578947368,0.5312,0.007044543988080421
0.5863157894736842,0.5309999999999999,0.007050531894828925
0.5873684210526315,0.5294000000000001,0.007033946260812633
0.588421052631579,0.5279999999999999,0.007059745037889115
0.5894736842105263,0.5269999999999999,0.007027801932325643
0.5905263157894737,0.5254,0.007092841461642858
0.5915789473684211,0.5238,0.006978223269572278
0.5926315789473684,0.523,0.0069419017567234394
0.5936842105263158,0.5224,0.006836841375957174
0.5947368421052631,0.5224,0.006836841375957174
0.5957894736842105,0.5224,0.006836841375957174
0.5968421052631578,0.5217999999999999,0.006824045720831597
0.5978947368421053,0.5214,0.006865886687092935
0.5989473684210527,0.5214,0.006865886687092935
0.6,0.5207999999999999,0.006881395207368926
0.6010526315789474,0.5207999999999999,0.006881395207368926
0.6021052631578947,0.5196,0.006916530922362743
0.6031578947368421,0.5189999999999999,0.006901449123191449
0.6042105263157894,0.5184,0.006972402742240297
0.6052631578947368,0.5167999999999999,0.007006967960537567
0.6063157894736843,0.5156,0.0069545956029089155
0.6073684210526316,0.5147999999999999,0.00693754999981982
0.608421052631579,0.5139999999999999,0.006902173570694957
0.6094736842105263,0.5127999999999999,0.006884881988821594
0.6105263157894737,0.5115999999999999,0.006894519562667148
0.611578947368421,0.5094000000000001,0.00709622434820095
0.6126315789473684,0.5082000000000001,0.007082909006898226
0.6136842105263158,0.5072000000000002,0.0070909519812222665
0.6147368421052631,0.5068000000000003,0.007100535191096514
0.6157894736842106,0.5052000000000001,0.007197888579298794
0.6168421052631579,0.504,0.007222188034107117
0.6178947368421053,0.5032000000000001,0.007270323239031399
0.6189473684210526,0.5022,0.007260275476867252
0.62,0.5010000000000001,0.00729040465269247
0.6210526315789474,0.5002,0.00725807136917239
0.6221052631578947,0.5,0.007299315036357864
0.6231578947368421,0.49939999999999996,0.007213625995295294
0.6242105263157894,0.49939999999999996,0.007213625995295294
0.6252631578947369,0.49859999999999993,0.007156842879370762
0.6263157894736842,0.49759999999999993,0.0072513722839197825
0.6273684210526316,0.4965999999999999,0.007228028776921133
0.628421052631579,0.49559999999999993,0.007253026954313628
0.6294736842105263,0.49399999999999994,0.007334848328356898
0.6305263157894737,0.4931999999999999,0.007355107069241071
0.631578947368421,0.49139999999999995,0.007300712294016245
0.6326315789473684,0.48979999999999996,0.0073348210612120615
0.6336842105263157,0.4871999999999999,0.0072471787614215785
0.6347368421052632,0.4867999999999999,0.007239999999999999
0.6357894736842106,0.48619999999999997,0.007181615417160682
0.6368421052631579,0.48560000000000003,0.007127860829168874
0.6378947368421053,0.4842000000000001,0.00715147537225711
0.6389473684210526,0.4834000000000001,0.007255646077366236
0.64,0.4830000000000001,0.0072131823767321995
0.6410526315789473,0.48219999999999996,0.007199416643034351
0.6421052631578947,0.48180000000000006,0.007200527758435489
0.6431578947368422,0.48059999999999997,0.007241298226147022
0.6442105263157895,0.4794,0.007169128259418994
0.6452631578947369,0.47879999999999995,0.007159999999999998
0.6463157894736842,0.47840000000000005,0.007159217834372689
0.6473684210526316,0.47760000000000014,0.00715698260442206
0.6484210526315789,0.47640000000000016,0.007157541477351004
0.6494736842105263,0.47480000000000006,0.007108417545417543
0.6505263157894737,0.4746000000000001,0.007098478710258979
0.651578947368421,0.4738000000000001,0.007058016718597369
0.6526315789473685,0.4730000000000001,0.00714072825417688
0.6536842105263158,0.4730000000000001,0.00714072825417688
0.6547368421052632,0.47180000000000016,0.007178272772749725
0.6557894736842105,0.47140000000000015,0.007201416527322939
0.6568421052631579,0.4708000000000001,0.007213431915530917
0.6578947368421053,0.4702000000000001,0.0072193905559957096
0.6589473684210526,0.4694000000000002,0.007235772246277518
0.66,0.46900000000000025,0.007246378405796926
0.6610526315789473,0.4688000000000002,0.007268122178389682
0.6621052631578948,0.4678000000000002,0.00730969219598199
0.6631578947368421,0.46740000000000026,0.007308378753184594
0.6642105263157895,0.46740000000000026,0.007308378753184594
0.6652631578947369,0.4664000000000002,0.007243645491049379
0.6663157894736842,0.4656000000000002,0.00719488707347099
0.6673684210526316,0.46480000000000016,0.007217312519213784
0.6684210526315789,0.4636000000000001,0.007229827107199728
0.6694736842105263,0.4616,0.007225953224315807
0.6705263157894736,0.4600000000000001,0.007116178749862879
0.671578947368421,0.45940000000000003,0.00708494177816586
0.6726315789473685,0.4584,0.007040909032220201
0.6736842105263158,0.4570000000000001,0.007078841713161836
0.6747368421052632,0.4554000000000001,0.007210298190782406
0.6757894736842105,0.45420000000000016,0.0072127387308844075
0.6768421052631579,0.45280000000000015,0.007236131563204197
0.6778947368421052,0.4516000000000001,0.0072838451383867315
0.6789473684210526,0.44980000000000003,0.007230463332318339
0.68,0.4482000000000001,0.007161536148062092
0.6810526315789474,0.44720000000000015,0.00709095198122227
0.6821052631578948,0.4456000000000001,0.00707717457747087
0.6831578947368421,0.4450000000000001,0.007078841713161836
0.6842105263157895,0.44460000000000016,0.007143416549523064
0.6852631578947368,0.44420000000000015,0.007112214844898879
0.6863157894736842,0.44360000000000016,0.007118314407217484
0.6873684210526316,0.44220000000000015,0.007132432964984668
0.6884210526315789,0.4412000000000002,0.007165584414407525
0.6894736842105263,0.43980000000000014,0.007329365593282952
0.6905263157894737,0.4388000000000001,0.0073854993060726805
0.6915789473684211,0.4384000000000002,0.007390155614058475
0.6926315789473684,0.4354000000000001,0.007423503216137247
0.6936842105263158,0.4342000000000001,0.007350074829551058
0.6947368421052632,0.43220000000000014,0.007380487788757596
0.6957894736842105,0.4308000000000001,0.007485559431331767
0.6968421052631579,0.4288,0.007468975833405807
0.6978947368421052,0.4264,0.007391238055968705
0.6989473684210527,0.42240000000000016,0.0076591383327369155
0.7,0.42100000000000015,0.007680494775728968
0.7010526315789474,0.4172000000000001,0.0077615462377028975
0.7021052631578948,0.41440000000000005,0.007848974455303059
0.7031578947368421,0.4109999999999999,0.00774273853361974
0.7042105263157895,0.40559999999999996,0.007854069009118777
0.7052631578947368,0.40259999999999996,0.007713131659708652
0.7063157894736842,0.4,0.007536577472566708
0.7073684210526315,0.3978,0.007466699404690133
0.708421052631579,0.39699999999999996,0.007426304599193327
0.7094736842105264,0.3956,0.007208772433639448
0.7105263157894737,0.3944,0.007082824295434696
0.7115789473684211,0.3932,0.006998399817101047
0.7126315789473684,0.39280000000000004,0.007005826146858055
0.7136842105263158,0.39280000000000004,0.007005826146858055
0.7147368421052631,0.39280000000000004,0.007005826146858055
0.7157894736842105,0.3922,0.006950654645427293
0.716842105263158,0.3922,0.006950654645427293
0.7178947368421053,0.3918,0.006969045845738138
0.7189473684210527,0.391,0.007027801932325639
0.72,0.3904000000000001,0.007045452434017279
0.7210526315789474,0.3896,0.007130105188564892
0.7221052631578947,0.3892,0.007157765014304396
0.7231578947368421,0.38799999999999996,0.007266360849833979
0.7242105263157895,0.3874,0.007286453183819956
0.7252631578947368,0.3847999999999999,0.007489299032619809
0.7263157894736842,0.3831999999999999,0.007630045871421742
0.7273684210526316,0.3775999999999998,0.007664359073007996
0.728421052631579,0.37559999999999993,0.0076450245257945375
0.7294736842105263,0.3733999999999999,0.007478261830131385
0.7305263157894737,0.3712,0.00730106841496503
0.7315789473684211,0.3695999999999999,0.0072469579824916905
0.7326315789473684,0.3661999999999999,0.00699539848757739
0.7336842105263158,0.3647999999999999,0.006940432263195141
0.7347368421052631,0.3647999999999999,0.006940432263195141
0.7357894736842105,0.3643999999999999,0.006966089290268968
0.7368421052631579,0.36419999999999997,0.006981661693322014
0.7378947368421053,0.3635999999999999,0.006930396814035976
0.7389473684210527,0.36279999999999996,0.006985814197357383
0.74,0.36239999999999994,0.007021566776724409
0.7410526315789474,0.3619999999999999,0.007079548008171141
0.7421052631578947,0.36119999999999997,0.007109542882633173
0.7431578947368421,0.36039999999999994,0.007070954673875375
0.7442105263157894,0.35899999999999993,0.007112664760833313
0.7452631578947368,0.3577999999999999,0.0072160654099031
0.7463157894736843,0.353,0.007431688906298485
0.7473684210526316,0.35,0.007523297149521613
0.748421052631579,0.3472,0.007576384361949966
0.7494736842105263,0.34260000000000007,0.00739002029767172
0.7505263157894737,0.33820000000000006,0.007133554513704931
0.751578947368421,0.33520000000000005,0.007071746601795062
0.7526315789473684,0.33399999999999996,0.006988562083862457
0.7536842105263157,0.3308,0.006872670514436151
0.7547368421052632,0.3292,0.006737477272688942
0.7557894736842106,0.32900000000000007,0.006701492371106602
0.7568421052631579,0.3280000000000001,0.006523802572120037
0.7578947368421053,0.3270000000000001,0.006605300901548696
0.7589473684210526,0.3264000000000001,0.006614408514750205
0.76,0.32600000000000007,0.006654321903845649
0.7610526315789473,0.3256,0.006627699450035433
0.7621052631578947,0.3254000000000001,0.006638403422510567
0.7631578947368421,0.3234,0.006812077509835016
0.7642105263157895,0.32220000000000004,0.006916039328980134
0.7652631578947369,0.3194000000000001,0.00687869173607889
0.7663157894736842,0.3158000000000001,0.006860291538994536
0.7673684210526316,0.31300000000000006,0.006790434448545985
0.7684210526315789,0.31000000000000005,0.006696267617113283
0.7694736842105263,0.3082000000000001,0.006573248816224743
0.7705263157894737,0.3068000000000001,0.006512879547481282
0.771578947368421,0.30640000000000006,0.00648
0.7726315789473684,0.3048,0.006400749956059838
0.7736842105263158,0.3044,0.006391118837887464
0.7747368421052632,0.3044,0.006391118837887464
0.7757894736842105,0.30400000000000005,0.006456004956627588
0.7768421052631579,0.30319999999999997,0.006558780374429379
0.7778947368421053,0.30219999999999997,0.0066446670345473285
0.7789473684210526,0.3018,0.006621752034016377
0.78,0.301,0.006689544080129825
0.7810526315789473,0.3,0.006681317235396028
0.7821052631578947,0.2992,0.006758224618936541
0.783157894736842,0.2954,0.006799147005323536
0.7842105263157895,0.29460000000000003,0.006757839891562983
0.7852631578947369,0.2928,0.006708323188398126
0.7863157894736842,0.2914,0.006700776074455854
0.7873684210526316,0.2888,0.006544127138129269
0.7884210526315789,0.28800000000000003,0.006418722614352487
0.7894736842105263,0.2874,0.006422803126361572
0.7905263157894736,0.285,0.006408587988004842
0.791578947368421,0.2838,0.006335266371668995
0.7926315789473685,0.2828,0.006400124998779319
0.7936842105263158,0.2814,0.00640159355160885
0.7947368421052632,0.28019999999999995,0.0063717815405112555
0.7957894736842105,0.27879999999999994,0.006234228099773057
0.7968421052631579,0.2773999999999999,0.006110024549868847
0.7978947368421052,0.2763999999999999,0.006055608970202748
0.7989473684210526,0.27599999999999997,0.006033241251599343
0.8,0.27579999999999993,0.005988622546128614
0.8010526315789473,0.27559999999999996,0.005983844917776529
0.8021052631578948,0.27519999999999994,0.005927022861437267
0.8031578947368421,0.27499999999999997,0.005942221806698229
0.8042105263157895,0.2748,0.005943870792673742
0.8052631578947368,0.2744,0.005913239382944006
0.8063157894736842,0.27399999999999997,0.00590254182534948
0.8073684210526316,0.2734,0.005906301719350275
0.8084210526315789,0.2718,0.006033871062593236
0.8094736842105263,0.27159999999999995,0.006074076061426956
0.8105263157894737,0.27059999999999995,0.006095604974077636
0.8115789473684211,0.2688,0.00621173083769733
0.8126315789473684,0.26720000000000005,0.0061548030025338745
0.8136842105263158,0.26599999999999996,0.006167657578043712
0.8147368421052632,0.265,0.00612780547994141
0.8157894736842105,0.2636,0.006205674822289675
0.8168421052631579,0.262,0.006257795138864803
0.8178947368421052,0.25980000000000003,0.006238557525582335
0.8189473684210526,0.256,0.006480740698407861
0.82,0.2526,0.00665525356391475
0.8210526315789474,0.249,0.0066715815216483705
0.8221052631578948,0.2462,0.006768722183691692
0.8231578947368421,0.24319999999999997,0.006709515630803761
0.8242105263157895,0.23919999999999994,0.006704744588722227
0.8252631578947368,0.2339999999999999,0.0063843558798049455
0.8263157894736842,0.22839999999999994,0.005961073728784102
0.8273684210526315,0.2267999999999999,0.005947907194972025
0.828421052631579,0.22539999999999993,0.005781729844951249
0.8294736842105264,0.22499999999999992,0.005701754116059371
0.8305263157894737,0.22479999999999994,0.005692942999890302
0.8315789473684211,0.22479999999999994,0.005692942999890302
0.8326315789473684,0.2241999999999999,0.005630594995202546
0.8336842105263158,0.2235999999999999,0.005581254339304024
0.8347368421052631,0.22279999999999994,0.005585839238646239
0.8357894736842105,0.22219999999999993,0.005620640532893026
0.8368421052631579,0.22179999999999991,0.005657525961054002
0.8378947368421052,0.22179999999999991,0.005657525961054002
0.8389473684210527,0.22139999999999993,0.00561608404495517
0.84,0.22039999999999993,0.005614125043138958
0.8410526315789474,0.22019999999999992,0.005617793161019726
0.8421052631578947,0.21939999999999993,0.0056103832311171055
0.8431578947368421,0.2187999999999999,0.005648504226784288
0.8442105263157895,0.2183999999999999,0.005724893012100751
0.8452631578947368,0.21739999999999993,0.005745641826636951
0.8463157894736842,0.2165999999999999,0.005678415271887045
0.8473684210526315,0.21519999999999992,0.005727966480348852
0.848421052631579,0.21339999999999992,0.005838184649358054
0.8494736842105263,0.21079999999999996,0.00580634136096045
0.8505263157894737,0.2082,0.005748704201818006
0.8515789473684211,0.20620000000000002,0.005668827039167804
0.8526315789473684,0.204,0.005607138307550475
0.8536842105263158,0.20180000000000003,0.005564853996287774
0.8547368421052631,0.201,0.005581218504950331
0.8557894736842105,0.19940000000000002,0.005567441063900005
0.8568421052631578,0.1978,0.005432458007200794
0.8578947368421053,0.19640000000000002,0.005516375621728456
0.8589473684210527,0.1946,0.005548729584328291
0.86,0.192,0.005469917732470939
0.8610526315789474,0.1906,0.005429217254816759
0.8621052631578947,0.1886,0.005529954791858613
0.8631578947368421,0.1844,0.005625513309912259
0.8642105263157894,0.17999999999999997,0.005865151319446072
0.8652631578947368,0.1752,0.005940505029035833
0.8663157894736843,0.17119999999999996,0.005812538171917668
0.8673684210526316,0.1686,0.005756769927659087
0.868421052631579,0.162,0.0055027265968790404
0.8694736842105263,0.15959999999999994,0.00557121171739147
0.8705263157894737,0.15579999999999994,0.005523006427662382
0.871578947368421,0.15179999999999996,0.005470612397163593
0.8726315789473684,0.14719999999999991,0.005451752011968262
0.8736842105263158,0.14439999999999992,0.005539530666040219
0.8747368421052631,0.14099999999999993,0.005472659317004847
0.8757894736842106,0.13579999999999995,0.00517142146802985
0.8768421052631579,0.13359999999999997,0.005183666655949243
0.8778947368421053,0.12999999999999998,0.005134199061197375
0.8789473684210526,0.12879999999999994,0.005022509332992821
0.88,0.12859999999999996,0.005006036356240336
0.8810526315789474,0.12819999999999998,0.004980722839106791
0.8821052631578947,0.12759999999999996,0.004954028663623175
0.8831578947368421,0.12719999999999995,0.00496
0.8842105263157894,0.12659999999999996,0.00492386027421575
0.8852631578947369,0.12639999999999996,0.004962902376634062
0.8863157894736842,0.12599999999999997,0.004903060268852506
0.8873684210526316,0.12599999999999997,0.004903060268852506
0.888421052631579,0.12559999999999996,0.004883277587850192
0.8894736842105263,0.12459999999999996,0.0047904488307464466
0.8905263157894737,0.12299999999999996,0.0047780749261601176
0.891578947368421,0.12239999999999995,0.004818962543950721
0.8926315789473684,0.12079999999999994,0.004840826375733796
0.8936842105263157,0.11899999999999994,0.0048363209157375
0.8947368421052632,0.1179999999999999,0.00482078831727758
0.8957894736842106,0.11759999999999991,0.004835535130675818
0.8968421052631579,0.11659999999999993,0.004841941759253203
0.8978947368421053,0.11479999999999992,0.0046871739886631065
0.8989473684210526,0.11379999999999992,0.0045050638175280055
0.9,0.11319999999999991,0.0045185838489509075
0.9010526315789473,0.11319999999999991,0.0045185838489509075
0.9021052631578947,0.11279999999999993,0.004512382962471159
0.9031578947368422,0.11219999999999991,0.0044890533523227385
0.9042105263157895,0.11199999999999992,0.004454211490264018
0.9052631578947369,0.11039999999999991,0.004529724053405462
0.9063157894736842,0.10999999999999993,0.004529900661162448
0.9073684210526316,0.10919999999999992,0.0045114964257993145
0.9084210526315789,0.10719999999999993,0.004574013554855296
0.9094736842105263,0.10559999999999992,0.004648268494826863
0.9105263157894737,0.1037999999999999,0.004522786751550422
0.911578947368421,0.1023999999999999,0.004519114957599549
0.9126315789473685,0.0999999999999999,0.00439089968002003
0.9136842105263158,0.09719999999999987,0.004345296307503093
0.9147368421052632,0.09499999999999988,0.004208325082500164
0.9157894736842105,0.0939999999999999,0.004247352116319062
0.9168421052631579,0.09299999999999992,0.004217819341792628
0.9178947368421052,0.08959999999999992,0.004321851455105786
0.9189473684210526,0.08719999999999993,0.004285043757069463
0.92,0.08439999999999992,0.004257511009968148
0.9210526315789473,0.08239999999999993,0.004169220550654521
0.9221052631578948,0.07999999999999996,0.004059556626036888
0.9231578947368421,0.07879999999999997,0.004008191612186224
0.9242105263157895,0.07719999999999995,0.0040597536871096
0.9252631578947368,0.07399999999999995,0.0041617304093369625
0.9263157894736842,0.07179999999999995,0.003970843739055969
0.9273684210526316,0.06999999999999995,0.0039849717690342516
0.9284210526315789,0.06819999999999996,0.004030831179794064
0.9294736842105263,0.06599999999999995,0.004180908992073376
0.9305263157894736,0.06359999999999996,0.00399379518753779
0.9315789473684211,0.06099999999999995,0.003973663297261105
0.9326315789473684,0.05939999999999994,0.003923824664788171
0.9336842105263158,0.05739999999999995,0.00400654464595117
0.9347368421052632,0.05479999999999995,0.004036037660874835
0.9357894736842105,0.04979999999999997,0.003660546407300419
0.9368421052631579,0.04540000000000001,0.0036862447015899554
0.9378947368421052,0.04060000000000001,0.0031806288686358876
0.9389473684210526,0.037000000000000026,0.0032046840717924116
0.94,0.03080000000000002,0.0029586483400363757
0.9410526315789474,0.029200000000000018,0.0029040661149498646
0.9421052631578948,0.028000000000000014,0.0028
0.9431578947368421,0.027800000000000016,0.002784169535067863
0.9442105263157895,0.024800000000000013,0.002118867622103844
0.9452631578947368,0.024800000000000013,0.002118867622103844
0.9463157894736842,0.024800000000000013,0.002118867622103844
0.9473684210526315,0.024800000000000013,0.002118867622103844
0.9484210526315789,0.025400000000000013,0.0020948508300115314
0.9494736842105264,0.025400000000000013,0.0020948508300115314
0.9505263157894737,0.025200000000000014,0.0021094074997496334
0.9515789473684211,0.024600000000000014,0.002132697822008547
0.9526315789473684,0.025600000000000015,0.002136913662270893
0.9536842105263158,0.025800000000000014,0.0020648486627353603
0.9547368421052631,0.029000000000000015,0.002179449471770337
0.9557894736842105,0.030000000000000016,0.002236067977499791
0.9568421052631579,0.03180000000000002,0.002282016651998839
0.9578947368421052,0.03300000000000002,0.0022869193252058554
0.9589473684210527,0.033800000000000024,0.0022216210297888337
0.96,0.03540000000000003,0.0022064451046876284
0.9610526315789474,0.03560000000000003,0.002272971623228059
0.9621052631578947,0.03520000000000002,0.0022824548188299376
0.9631578947368421,0.03540000000000002,0.0022778059618852524
0.9642105263157895,0.03520000000000003,0.0023344378338263803
0.9652631578947368,0.03460000000000003,0.0023639796953442743
0.9663157894736842,0.03340000000000003,0.002367361400378066
0.9673684210526315,0.03320000000000003,0.0023361506800718143
0.968421052631579,0.03300000000000002,0.0023895606290697045
0.9694736842105263,0.032600000000000025,0.002410891951125144
0.9705263157894737,0.03200000000000002,0.0024166091947189147
0.9715789473684211,0.03180000000000002,0.0024015828113975153
0.9726315789473684,0.030800000000000022,0.002488694436848365
0.9736842105263158,0.030800000000000022,0.00244
0.9747368421052631,0.030200000000000022,0.002391568522957266
0.9757894736842105,0.028800000000000017,0.0023886397802933773
0.9768421052631578,0.028200000000000017,0.0023168081491569395
0.9778947368421053,0.027000000000000014,0.00235584379787795
0.9789473684210527,0.027000000000000014,0.00235584379787795
0.98,0.026200000000000015,0.0024115555146004843
0.9810526315789474,0.02400000000000001,0.002383275057562597
0.9821052631578947,0.02220000000000001,0.002347679705581662
0.9831578947368421,0.02060000000000001,0.002305731987894516
0.9842105263157894,0.02040000000000001,0.0022974768769238995
0.9852631578947368,0.02020000000000001,0.002306425806307238
0.9863157894736843,0.019800000000000012,0.00230642580630724
0.9873684210526316,0.01740000000000001,0.0022209007181771983
0.988421052631579,0.01740000000000001,0.002256634662500777
0.9894736842105263,0.016200000000000006,0.002221621029788836
0.9905263157894737,0.014800000000000006,0.0022202702538204632
0.991578947368421,0.013800000000000005,0.0022035426022657236
0.9926315789473684,0.013400000000000006,0.002191894158028623
0.9936842105263158,0.011000000000000003,0.0019672315572906024
0.9947368421052631,0.009400000000000002,0.001906934713093242
0.9957894736842106,0.008600000000000002,0.001838586413525348
0.9968421052631579,0.006,0.0016124515496597127
0.9978947368421053,0.0032,0.0012874781551544885
0.9989473684210526,0.003,0.001276714533480369
1.0,0.0,0.0
